item_slug,brand,name_en,name_ar,pack_size,pack_unit,pack_type,origin_country,in_aid_parcels,confidence,source_url,notes
veg_oil,Shuqha,Shuqha corn oil 3 L,زيت الذرة شقحة 3 لتر,3000,ml,bottle,unknown,no,medium,https://www.palbazaar.com/index.php?route=product/product&product_id=121103,"Palestinian online grocer (NIS prices); West Bank market, plausibly also in Gaza"
veg_oil,Safi,Al-Safi sunflower oil 5 L,زيت دوار الشمس الصافي 5 لتر,5000,ml,bottle,unknown,no,medium,https://www.palbazaar.com/index.php?route=product/product&product_id=121104,"Palestinian online grocer (NIS prices); West Bank market, plausibly also in Gaza"
veg_oil,Reem,Reem sunflower oil 1 L,زيت دوار الشمس ريم 1 لتر,1000,ml,bottle,unknown,no,medium,https://www.palbazaar.com/index.php?route=product/product&product_id=121109,"Palestinian online grocer (NIS prices); West Bank market, plausibly also in Gaza"
veg_oil,Reem,Reem sunflower oil 3 L,زيت دوار الشمس ريم 3 لتر,3000,ml,bottle,unknown,no,medium,https://www.palbazaar.com/index.php?route=product/product&product_id=121110,"Palestinian online grocer (NIS prices); West Bank market, plausibly also in Gaza"
veg_oil,Marina,Marina sunflower oil 3 L,زيت مارينا دوار الشمس 3 لتر,3000,ml,bottle,unknown,no,medium,https://www.palbazaar.com/index.php?route=product/product&product_id=121117,"Palestinian online grocer (NIS prices); West Bank market, plausibly also in Gaza"
veg_oil,Oba,Oba Turkish sunflower oil 3 L,زيت دوار الشمس أوبا التركي 3 لتر,3000,ml,bottle,Turkey,no,medium,https://www.palbazaar.com/index.php?route=product/product&product_id=310213,"Palestinian online grocer (NIS prices); West Bank market, plausibly also in Gaza"
vegetable_ghee,Al-Ghazal,Al-Ghazal vegetable ghee 1 kg,سمنة الغزال 1 كيلو,1000,g,tin,unknown,no,high,https://www.palbazaar.com/index.php?route=product/product&product_id=121119,"Palestinian online grocer (NIS prices); West Bank market, plausibly also in Gaza; also on karaz.ps"
vegetable_ghee,Al-Ghazal,Al-Ghazal vegetable ghee 2 kg,سمنة الغزال 2 كيلو,2000,g,tin,unknown,no,high,https://www.palbazaar.com/index.php?route=product/product&product_id=121120,"Palestinian online grocer (NIS prices); West Bank market, plausibly also in Gaza"
vegetable_ghee,Nabatin,Nabatin vegetable ghee 1 kg,سمنة نباتين 1 كيلو,1000,g,tin,unknown,no,medium,https://www.palbazaar.com/index.php?route=product/product&product_id=121121,"Palestinian online grocer (NIS prices); West Bank market, plausibly also in Gaza"
vegetable_ghee,Nabatin,Nabatin vegetable ghee 2 kg,سمنة نباتين 2 كيلو,2000,g,tin,unknown,no,medium,https://www.palbazaar.com/index.php?route=product/product&product_id=121122,"Palestinian online grocer (NIS prices); West Bank market, plausibly also in Gaza"
margarine,unknown (listing: يلو بران),Margarine 50 g (brand unclear),زبدة مرجرين 50 غم,50,g,piece,unknown,no,low,https://www.palbazaar.com/index.php?route=product/product&product_id=112101,"Palestinian online grocer (NIS prices); listing reads يلو بران, not Blue Band; brand unverified"
halawa,Abu Harbi,Abu Harbi halawa 1 kg,حلاوة أبو حربي 1 كغم,1000,g,tub,unknown,no,medium,https://www.palbazaar.com/index.php?route=product/product&product_id=123100,"Palestinian online grocer (NIS prices); West Bank market, plausibly also in Gaza"
halawa,Abu Harbi,Abu Harbi halawa 500 g,حلاوة أبو حربي 500 غم,500,g,tub,unknown,no,medium,https://www.palbazaar.com/index.php?route=product/product&product_id=123101,"Palestinian online grocer (NIS prices); West Bank market, plausibly also in Gaza"
halawa,Al-Helal,Al-Helal halawa bar choco-vanilla 50 g,حلاوة الهلال إصبع شوكو فانيل 50 غم,50,g,piece,unknown,unknown,medium,https://www.palbazaar.com/index.php?route=product/product&product_id=123103,"Palestinian online grocer (NIS prices); West Bank market, plausibly also in Gaza"
halawa,Al-Helal,Al-Helal halawa bar vanilla 50 g,حلاوة الهلال إصبع فانيل 50 غم,50,g,piece,unknown,unknown,medium,https://www.palbazaar.com/index.php?route=product/product&product_id=123104,"Palestinian online grocer (NIS prices); West Bank market, plausibly also in Gaza"
halawa,Al-Helal,Al-Helal halawa choco-vanilla 350 g,حلاوة الهلال شوكو فانيل 350 غم,350,g,tub,unknown,no,medium,https://www.palbazaar.com/index.php?route=product/product&product_id=123105,"Palestinian online grocer (NIS prices); West Bank market, plausibly also in Gaza"
halawa,Al-Helal,Al-Helal halawa choco-vanilla 750 g,حلاوة الهلال شوكو فانيل 750 غم,750,g,tub,unknown,no,medium,https://www.palbazaar.com/index.php?route=product/product&product_id=123106,"Palestinian online grocer (NIS prices); West Bank market, plausibly also in Gaza"
halawa,Al-Helal,Al-Helal halawa vanilla 350 g,حلاوة الهلال فانيل 350 غم,350,g,tub,unknown,no,medium,https://www.palbazaar.com/index.php?route=product/product&product_id=123107,"Palestinian online grocer (NIS prices); West Bank market, plausibly also in Gaza; also on karaz.ps"
halawa,Al-Helal,Al-Helal halawa vanilla 750 g,حلاوة الهلال فانيل 750 غم,750,g,tub,unknown,no,medium,https://www.palbazaar.com/index.php?route=product/product&product_id=123108,"Palestinian online grocer (NIS prices); West Bank market, plausibly also in Gaza"
halawa,Al-Helal,"Al-Helal pistachio halawa, cut, 400 g bag",حلاوة الهلال مقطع فستق كيس 400 غم,400,g,bag,unknown,no,medium,https://www.palbazaar.com/index.php?route=product/product&product_id=123109,"Palestinian online grocer (NIS prices); West Bank market, plausibly also in Gaza"
halawa,Al-Helal,Al-Helal Shami halawa with Aleppo pistachio 500 g,حلاوة شامية الهلال 500 غم فستق حلبي,500,g,tub,unknown,no,medium,https://www.palbazaar.com/index.php?route=product/product&product_id=123110,"Palestinian online grocer (NIS prices); West Bank market, plausibly also in Gaza"
halawa,Al-Helal,Al-Helal sugar-free vanilla halawa 350 g,حلاوة الهلال فانيل بدون سكر 350 غم,350,g,tub,unknown,no,medium,https://www.palbazaar.com/index.php?route=product/product&product_id=310249,"Palestinian online grocer (NIS prices); West Bank market, plausibly also in Gaza"
halawa,Al-Helal,Al-Helal halawa guest cake 600 g,حلاوة الهلال كعكة الضيوف 600 غم,600,g,tub,unknown,no,medium,https://www.palbazaar.com/index.php?route=product/product&product_id=310250,"Palestinian online grocer (NIS prices); West Bank market, plausibly also in Gaza"
tahini,Abu Harbi,Abu Harbi tahini 1 kg,طحينة أبو حربي 1 كغم,1000,g,jar,unknown,no,medium,https://www.palbazaar.com/index.php?route=product/product&product_id=123111,"Palestinian online grocer (NIS prices); West Bank market, plausibly also in Gaza"
tahini,Abu Harbi,Abu Harbi tahini 500 g,طحينة أبو حربي 500 غم,500,g,jar,unknown,no,medium,https://www.palbazaar.com/index.php?route=product/product&product_id=123112,"Palestinian online grocer (NIS prices); West Bank market, plausibly also in Gaza"
tahini,Al-Zarafa (Giraffe),Giraffe tahini 450 g,طحينة الزرافة 450 غم,450,g,jar,unknown,no,medium,https://www.palbazaar.com/index.php?route=product/product&product_id=123113,"Palestinian online grocer (NIS prices); West Bank market, plausibly also in Gaza"
tahini,Al-Zarafa (Giraffe),Giraffe tahini 950 g,طحينة الزرافة 950 غم,950,g,jar,unknown,no,medium,https://www.palbazaar.com/index.php?route=product/product&product_id=123114,"Palestinian online grocer (NIS prices); West Bank market, plausibly also in Gaza"
vinegar,Al-Zahraa,Al-Zahraa natural white vinegar 650 ml,خل أبيض طبيعي الزهراء 650 مل,650,ml,bottle,unknown,no,medium,https://www.palbazaar.com/index.php?route=product/product&product_id=124101,"Palestinian online grocer (NIS prices); West Bank market, plausibly also in Gaza"
vinegar,Al-Zahraa,Al-Zahraa acetic essence (rouh al-khall) 650 ml,روح الخل الزهراء 650 مل,650,ml,bottle,unknown,no,medium,https://www.palbazaar.com/index.php?route=product/product&product_id=124104,"Palestinian online grocer (NIS prices); West Bank market, plausibly also in Gaza; concentrated, diluted at home"
vinegar,Al-Zahraa,Al-Zahraa natural apple vinegar 650 ml,الزهراء خل تفاح طبيعي 650 مل,650,ml,bottle,unknown,no,medium,https://www.palbazaar.com/index.php?route=product/product&product_id=124117,"Palestinian online grocer (NIS prices); West Bank market, plausibly also in Gaza"
vinegar,generic,Natural vinegar 1 L,خل طبيعي 1 لتر,1000,ml,bottle,unknown,no,medium,https://www.palbazaar.com/index.php?route=product/product&product_id=310216,"Palestinian online grocer (NIS prices); West Bank market, plausibly also in Gaza"
pomegranate_molasses,Al-Zahraa,Al-Zahraa pomegranate molasses 350 ml,دبس رمان الزهراء 350 مل,350,ml,bottle,unknown,no,medium,https://www.palbazaar.com/index.php?route=product/product&product_id=124103,"Palestinian online grocer (NIS prices); West Bank market, plausibly also in Gaza"
pomegranate_molasses,Yota,Yota pomegranate molasses 350 g,دبس رمان يوتا 350 غم,350,g,bottle,unknown,no,low,https://www.palbazaar.com/index.php?route=product/product&product_id=125135,Palestinian online grocer (NIS prices); listing title reads يوتا دبس الرمان; brand is not Zeita
hot_sauce,Abu Abdo,Abu Abdo hot sauce 320 ml,شطة أبو عبدو 320 مل,320,ml,bottle,unknown,no,medium,https://www.palbazaar.com/index.php?route=product/product&product_id=125100,"Palestinian online grocer (NIS prices); West Bank market, plausibly also in Gaza"
hot_sauce,Abu Abdo,Abu Abdo hot sauce 1 L,شطة أبو عبدو 1 لتر,1000,ml,bottle,unknown,no,medium,https://www.palbazaar.com/index.php?route=product/product&product_id=125101,"Palestinian online grocer (NIS prices); West Bank market, plausibly also in Gaza"
pepper_paste,Zeita,Zeita shatta 370 g,شطة زيتا 370 غم,370,g,jar,unknown,no,medium,https://www.palbazaar.com/index.php?route=product/product&product_id=125102,"Palestinian online grocer (NIS prices); West Bank market, plausibly also in Gaza"
pepper_paste,Laziza,Laziza shatta 380 g,شطة لذيذة 380 غم,380,g,jar,unknown,no,medium,https://www.palbazaar.com/index.php?route=product/product&product_id=125103,"Palestinian online grocer (NIS prices); West Bank market, plausibly also in Gaza"
pepper_paste,Eden,Eden shatta 560 g,عيدن شطة 560 غم,560,g,jar,unknown,no,medium,https://www.palbazaar.com/index.php?route=product/product&product_id=151111,"Palestinian online grocer (NIS prices); West Bank market, plausibly also in Gaza"
ketchup,Al-Islamiya,"Al-Islamiya ketchup 750 g, regular",كاتشب الإسلامية 750 غم عادي,750,g,bottle,Palestine,no,medium,https://www.palbazaar.com/index.php?route=product/product&product_id=125120,"Palestinian online grocer (NIS prices); West Bank market, plausibly also in Gaza"
ketchup,Al-Islamiya,"Al-Islamiya ketchup 750 g, hot",كاتشب الإسلامية 750 غم حار,750,g,bottle,Palestine,no,medium,https://www.palbazaar.com/index.php?route=product/product&product_id=125121,"Palestinian online grocer (NIS prices); West Bank market, plausibly also in Gaza"
ketchup,Heinz,Heinz ketchup 460 g,كاتشب هاينز 460 غم,460,g,bottle,unknown,no,high,https://www.palbazaar.com/index.php?route=product/product&product_id=125126,"Palestinian online grocer (NIS prices); West Bank market, plausibly also in Gaza"
ketchup,Heinz,Heinz ketchup 700 g,كاتشب هاينز 700 غم,700,g,bottle,unknown,no,high,https://www.palbazaar.com/index.php?route=product/product&product_id=125127,"Palestinian online grocer (NIS prices); West Bank market, plausibly also in Gaza"
ketchup,Meitav,Meitav ketchup 600 g,كاتشب ميتاف 600 غم,600,g,bottle,Israel,no,low,https://www.palbazaar.com/index.php?route=product/product&product_id=125131,"Palestinian online grocer (NIS prices); West Bank market, plausibly also in Gaza; origin assumed"
ketchup,Burso,Burso ketchup 650 ml,بورسو كاتشب 650 مل,650,ml,bottle,unknown,no,medium,https://www.palbazaar.com/index.php?route=product/product&product_id=125133,"Palestinian online grocer (NIS prices); West Bank market, plausibly also in Gaza"
mayonnaise,Marina,Marina mayonnaise 500 ml,مايونيز مارينا 500 مل,500,ml,jar,unknown,no,medium,https://www.palbazaar.com/index.php?route=product/product&product_id=125129,"Palestinian online grocer (NIS prices); West Bank market, plausibly also in Gaza"
mayonnaise,Marina,Marina mayonnaise 1 L,مايونيز مارينا كبير 1 لتر,1000,ml,jar,unknown,no,medium,https://www.palbazaar.com/index.php?route=product/product&product_id=125130,"Palestinian online grocer (NIS prices); West Bank market, plausibly also in Gaza"
mayonnaise,Burso,Burso mayonnaise 550 ml,بورسو مايونيز 550 مل,550,ml,jar,unknown,no,medium,https://www.palbazaar.com/index.php?route=product/product&product_id=125132,"Palestinian online grocer (NIS prices); West Bank market, plausibly also in Gaza"
mayonnaise,Coroli,Coroli mayonnaise 500 ml glass,كورولي مايونيز زجاج 500 مل,500,ml,jar,unknown,no,medium,https://www.palbazaar.com/index.php?route=product/product&product_id=125134,"Palestinian online grocer (NIS prices); West Bank market, plausibly also in Gaza; also sold by Al-Saeed Hebron"
peanut_butter,Lotus,Lotus peanut butter spread 400 g,لوتس دهن زبدة الفول السوداني 400 غم,400,g,jar,Belgium,no,medium,https://www.palbazaar.com/index.php?route=product/product&product_id=126103,"Palestinian online grocer (NIS prices); West Bank market, plausibly also in Gaza"
chocolate_spread,Nutella,Nutella 350 g,نوتيلا 350 غم,350,g,jar,unknown,no,high,https://www.palbazaar.com/index.php?route=product/product&product_id=126104,"Palestinian online grocer (NIS prices); West Bank market, plausibly also in Gaza"
chocolate_spread,Nutella,Nutella 600 g,نوتيلا 600 غم,600,g,jar,unknown,no,high,https://www.palbazaar.com/index.php?route=product/product&product_id=126105,"Palestinian online grocer (NIS prices); West Bank market, plausibly also in Gaza"
chocolate_spread,Nutella,Nutella 750 g,نوتيلا 750 غم,750,g,jar,unknown,no,high,https://www.palbazaar.com/index.php?route=product/product&product_id=126106,"Palestinian online grocer (NIS prices); West Bank market, plausibly also in Gaza"
chocolate_spread,Nutella,Nutella & Go with breadsticks 52 g,نوتيلا مع أصابع الخبز 52 غم,52,g,piece,unknown,no,high,https://www.palbazaar.com/index.php?route=product/product&product_id=191227,"Palestinian online grocer (NIS prices); West Bank market, plausibly also in Gaza"
jam,generic,Strawberry jam 800 g,مربى الفراولة 800 غم,800,g,jar,unknown,no,medium,https://www.palbazaar.com/index.php?route=product/product&product_id=126111,"Palestinian online grocer (NIS prices); West Bank market, plausibly also in Gaza; brand not given"
jam,generic,Cherry jam 800 g,مربى الكرز 800 غم,800,g,jar,unknown,no,medium,https://www.palbazaar.com/index.php?route=product/product&product_id=126112,"Palestinian online grocer (NIS prices); West Bank market, plausibly also in Gaza; brand not given"
jam,generic,Apricot jam 800 g,مربى المشمش 800 غم,800,g,jar,unknown,no,medium,https://www.palbazaar.com/index.php?route=product/product&product_id=126113,"Palestinian online grocer (NIS prices); West Bank market, plausibly also in Gaza; brand not given"
jam,generic,Orange jam 800 g,مربى البرتقال 800 غم,800,g,jar,unknown,no,medium,https://www.palbazaar.com/index.php?route=product/product&product_id=126114,"Palestinian online grocer (NIS prices); West Bank market, plausibly also in Gaza; brand not given"
bouillon_cube,Maggi,"Maggi chicken stock cubes, 5 cubes",ماجي مكعبات مرقة الدجاج 5 مكعب,5,piece,box,unknown,no,high,https://www.palbazaar.com/index.php?route=product/product&product_id=127114,"Palestinian online grocer (NIS prices); West Bank market, plausibly also in Gaza"
bouillon_cube,Maggi,"Maggi chicken stock cubes, box of 24 (480 g)",ماجي مكعبات مرقة الدجاج علبة 24 مكعب 480 غم,24,piece,box,unknown,no,high,https://www.palbazaar.com/index.php?route=product/product&product_id=127115,"Palestinian online grocer (NIS prices); West Bank market, plausibly also in Gaza; 20 g cubes"
zaatar,generic,"Zaatar, cleaned, 200 g",زعتر مفروط نظيف 200 غم,200,g,bag,Palestine,no,medium,https://www.palbazaar.com/index.php?route=product/product&product_id=140148,"Palestinian online grocer (NIS prices); West Bank market, plausibly also in Gaza"
zaatar,generic,Zaatar 500 g,زعتر 500 غم,500,g,bag,Palestine,no,medium,https://www.palbazaar.com/index.php?route=product/product&product_id=182107,"Palestinian online grocer (NIS prices); West Bank market, plausibly also in Gaza"
zaatar,generic,"Baladi zaatar, cleaned, 0.5 kg",زعتر بلدي نظيف 0.5 كغم,500,g,bag,Palestine,no,medium,https://www.palbazaar.com/index.php?route=product/product&product_id=310224,"Palestinian online grocer (NIS prices); West Bank market, plausibly also in Gaza; second 500 g listing (baladi)"
seven_spice,generic,"Mixed spice (bhar mshakkal), 1 waqiya",بهار مشكل - أوقية,250,g,loose,Palestine,no,low,https://www.palbazaar.com/index.php?route=product/product&product_id=180100,"Palestinian online grocer (NIS prices); West Bank market, plausibly also in Gaza; waqiya taken as 250 g"
allspice,generic,"Plain bhar (allspice), 1 waqiya",بهار سادة - أوقية,250,g,loose,Palestine,no,low,https://www.palbazaar.com/index.php?route=product/product&product_id=180101,"Palestinian online grocer (NIS prices); West Bank market, plausibly also in Gaza; waqiya taken as 250 g"
kabsa_spice,generic,Kabsa spice 1 waqiya,بهار كبسة أوقية,250,g,loose,Palestine,no,low,https://www.palbazaar.com/index.php?route=product/product&product_id=180102,"Palestinian online grocer (NIS prices); listing is per waqiya, not 125 g; waqiya taken as 250 g (Hebron spice shop sells 250 g as one waqiya)"
chicken_spice,generic,Chicken spice 1 waqiya,بهار دجاج أوقية,250,g,loose,Palestine,no,low,https://www.palbazaar.com/index.php?route=product/product&product_id=180103,"Palestinian online grocer (NIS prices); listing is per waqiya, not 125 g; waqiya taken as 250 g (Hebron spice shop sells 250 g as one waqiya)"
fish_spice,generic,Fish spice 1 waqiya,بهار سمك أوقية,250,g,loose,Palestine,no,low,https://www.palbazaar.com/index.php?route=product/product&product_id=180107,"Palestinian online grocer (NIS prices); listing is per waqiya, not 125 g; waqiya taken as 250 g (Hebron spice shop sells 250 g as one waqiya)"
curry_powder,generic,Curry 1 waqiya,بهار كاري أوقية,250,g,loose,Palestine,no,low,https://www.palbazaar.com/index.php?route=product/product&product_id=180108,"Palestinian online grocer (NIS prices); listing is per waqiya, not 125 g; waqiya taken as 250 g (Hebron spice shop sells 250 g as one waqiya)"
sumac,generic,"Sumac, 1 waqiya",سماق - أوقية,250,g,loose,Palestine,no,low,https://www.palbazaar.com/index.php?route=product/product&product_id=180130,"Palestinian online grocer (NIS prices); West Bank market, plausibly also in Gaza; waqiya taken as 250 g"
turmeric,generic,Turmeric 125 g,كركم 125 غم,125,g,loose,Palestine,no,medium,https://www.palbazaar.com/index.php?route=product/product&product_id=180131,"Palestinian online grocer (NIS prices); West Bank market, plausibly also in Gaza"
cinnamon,generic,Ground cinnamon 1 waqiya,قرفة مطحون أوقية,250,g,loose,Palestine,no,low,https://www.palbazaar.com/index.php?route=product/product&product_id=180132,"Palestinian online grocer (NIS prices); listing is per waqiya, not 125 g; waqiya taken as 250 g (Hebron spice shop sells 250 g as one waqiya)"
vegetable_ghee,Al-Ghazal,Al-Ghazal ghee 910 g,سمنة الغزال 910 غم,910,g,tin,unknown,no,high,https://biddimarket.ps/orders/category/%D8%B2%D9%8A%D9%88%D8%AA-%D9%88%D8%B3%D9%85%D9%86%D8%A9/product/10310,Biddi Market Qalqilia oils & ghee list (NIS)
vegetable_ghee,Abu Taj,Abu Taj vegetable ghee 700 g,سمنة نباتية أبو تاج 700 غم,700,g,tin,unknown,no,medium,https://biddimarket.ps/orders/category/%D8%B2%D9%8A%D9%88%D8%AA-%D9%88%D8%B3%D9%85%D9%86%D8%A9/product/10310,Biddi Market Qalqilia oils & ghee list (NIS)
vegetable_ghee,Al-Walad,Al-Walad ghee 700 g,سمنة الولد 700 غم,700,g,tin,unknown,no,medium,https://biddimarket.ps/orders/category/%D8%B2%D9%8A%D9%88%D8%AA-%D9%88%D8%B3%D9%85%D9%86%D8%A9/product/10310,Biddi Market Qalqilia oils & ghee list (NIS)
animal_ghee,Al-Baqara Al-Haloub (QBB),Dutch cow butter ghee 400 g,سمنة البقرة الحلوب 400 غم,400,g,tin,unknown,no,high,https://biddimarket.ps/orders/category/%D8%B2%D9%8A%D9%88%D8%AA-%D9%88%D8%B3%D9%85%D9%86%D8%A9/product/10310,Biddi Market Qalqilia oils & ghee list (NIS); also 800 g and 1.6 kg at Al-Saeed Hebron
animal_ghee,Al-Manhal,Al-Manhal Haloub ghee 450 g,سمنة المنهل حلوب 450 غم,450,g,tin,unknown,no,medium,https://biddimarket.ps/orders/category/%D8%B2%D9%8A%D9%88%D8%AA-%D9%88%D8%B3%D9%85%D9%86%D8%A9/product/10310,Biddi Market Qalqilia oils & ghee list (NIS)
animal_ghee,Khair Biladi,Khair Biladi traditional ghee 300 g,سمنة خير بلادي بلدية 300 غم,300,g,jar,unknown,no,medium,https://biddimarket.ps/orders/category/%D8%B2%D9%8A%D9%88%D8%AA-%D9%88%D8%B3%D9%85%D9%86%D8%A9/product/10310,Biddi Market Qalqilia oils & ghee list (NIS)
veg_oil,Al-Arabi,Al-Arabi sunflower oil 900 ml,زيت دوار الشمس العربي 900 مل,900,ml,bottle,unknown,no,medium,https://biddimarket.ps/orders/category/%D8%B2%D9%8A%D9%88%D8%AA-%D9%88%D8%B3%D9%85%D9%86%D8%A9/product/10310,Biddi Market Qalqilia oils & ghee list (NIS)
veg_oil,Al-Arabi,Al-Arabi sunflower oil 3 L,زيت دوار الشمس العربي 3 لتر,3000,ml,bottle,unknown,no,medium,https://biddimarket.ps/orders/category/%D8%B2%D9%8A%D9%88%D8%AA-%D9%88%D8%B3%D9%85%D9%86%D8%A9/product/10310,Biddi Market Qalqilia oils & ghee list (NIS)
veg_oil,Safi,Pure corn oil 5 L,زيت ذرة صافي 5 لتر,5000,ml,bottle,unknown,no,medium,https://biddimarket.ps/orders/category/%D8%B2%D9%8A%D9%88%D8%AA-%D9%88%D8%B3%D9%85%D9%86%D8%A9/product/10310,Biddi Market Qalqilia oils & ghee list (NIS)
veg_oil,Safi,Pure corn oil 1 L,زيت ذرة صافي 1 لتر,1000,ml,bottle,unknown,no,medium,https://biddimarket.ps/orders/category/%D8%B2%D9%8A%D9%88%D8%AA-%D9%88%D8%B3%D9%85%D9%86%D8%A9/product/10310,Biddi Market Qalqilia oils & ghee list (NIS)
veg_oil,Safi,Pure sunflower oil 3 L,زيت دوار الشمس صافي 3 لتر,3000,ml,bottle,unknown,no,medium,https://biddimarket.ps/orders/category/%D8%B2%D9%8A%D9%88%D8%AA-%D9%88%D8%B3%D9%85%D9%86%D8%A9/product/10310,Biddi Market Qalqilia oils & ghee list (NIS)
veg_oil,Al-Jood,Al-Jood sunflower oil 5 L,زيت دوار الشمس الجود 5 لتر,5000,ml,bottle,unknown,no,medium,https://biddimarket.ps/orders/category/%D8%B2%D9%8A%D9%88%D8%AA-%D9%88%D8%B3%D9%85%D9%86%D8%A9/product/10310,Biddi Market Qalqilia oils & ghee list (NIS)
veg_oil,Khiyal,Khiyal sunflower oil 3 L,زيت دوار الشمس خيال 3 لتر,3000,ml,bottle,unknown,no,medium,https://biddimarket.ps/orders/category/%D8%B2%D9%8A%D9%88%D8%AA-%D9%88%D8%B3%D9%85%D9%86%D8%A9/product/10310,Biddi Market Qalqilia oils & ghee list (NIS)
veg_oil,Orchidea,Orchidea corn oil 3 L,زيت ذرة أوركيديا 3 لتر,3000,ml,bottle,unknown,no,medium,https://biddimarket.ps/orders/category/%D8%B2%D9%8A%D9%88%D8%AA-%D9%88%D8%B3%D9%85%D9%86%D8%A9/product/10310,Biddi Market Qalqilia oils & ghee list (NIS)
veg_oil,Suleima,Suleima sunflower oil 5 L,زيت دوار الشمس سليمة 5 لتر,5000,ml,bottle,unknown,no,low,https://biddimarket.ps/orders/category/%D8%B2%D9%8A%D9%88%D8%AA-%D9%88%D8%B3%D9%85%D9%86%D8%A9/product/10310,Biddi Market Qalqilia oils & ghee list (NIS); brand name transliterated from Arabic listing
olive_oil,Khair Biladi,Khair Biladi olive oil 1 L,زيت زيتون خير بلادي 1 لتر,1000,ml,bottle,unknown,no,medium,https://biddimarket.ps/orders/category/%D8%B2%D9%8A%D9%88%D8%AA-%D9%88%D8%B3%D9%85%D9%86%D8%A9/product/10310,Biddi Market Qalqilia oils & ghee list (NIS)
olive_oil,Khair Biladi,Khair Biladi olive oil 200 ml,زيت زيتون خير بلادي 200 مل,200,ml,bottle,unknown,no,medium,https://biddimarket.ps/orders/category/%D8%B2%D9%8A%D9%88%D8%AA-%D9%88%D8%B3%D9%85%D9%86%D8%A9/product/10310,Biddi Market Qalqilia oils & ghee list (NIS)
olive_oil,Al-Karam,Al-Karam olive oil 1 L,زيت زيتون الكرم 1 لتر,1000,ml,bottle,unknown,no,medium,https://biddimarket.ps/orders/category/%D8%B2%D9%8A%D9%88%D8%AA-%D9%88%D8%B3%D9%85%D9%86%D8%A9/product/10310,Biddi Market Qalqilia oils & ghee list (NIS)
veg_oil,Safi,Safi corn oil 3 L,صافي زيت ذرة 3 لتر,3000,ml,bottle,unknown,no,medium,https://karaz.ps/shop/product/safi-corn-oil-%D8%B5%D8%A7%D9%81%D9%8A-%D8%B2%D9%8A%D8%AA-%D8%B0%D8%B1%D8%A9-3-%D9%84%D8%AA%D8%B1/,karaz.ps listing (West Bank/Jerusalem online supermarket)
veg_oil,Safi,Safi sunflower oil 1 L,صافي زيت دوار الشمس 1 لتر,1000,ml,bottle,unknown,no,medium,https://karaz.ps/shop/product/safi-sunflower-oil-%D8%B5%D8%A7%D9%81%D9%8A-%D8%B2%D9%8A%D8%AA-%D8%AF%D9%88%D8%A7%D8%B1-%D8%A7%D9%84%D8%B4%D9%85%D8%B3-1-%D9%84%D8%AA%D8%B1/,karaz.ps listing (West Bank/Jerusalem online supermarket)
tahini,Al-Helal,Al-Helal tahini 450 g,طحينة الهلال 450 غرام,450,g,jar,unknown,no,medium,https://karaz.ps/shop/product/alhelal-tahini-%D8%B7%D8%AD%D9%8A%D9%86%D8%A9-%D8%A7%D9%84%D9%87%D9%84%D8%A7%D9%84-450-%D8%BA%D8%B1%D8%A7%D9%85/,karaz.ps listing (West Bank/Jerusalem online supermarket)
tahini,Al-Helal,Al-Helal tahini 900 g,طحينة الهلال 900 غرام,900,g,jar,unknown,no,medium,https://karaz.ps/shop/product/alhelal-tahini-%D8%B7%D8%AD%D9%8A%D9%86%D8%A9-%D8%A7%D9%84%D9%87%D9%84%D8%A7%D9%84-900-%D8%BA%D8%B1%D8%A7%D9%85/,karaz.ps listing (West Bank/Jerusalem online supermarket)
peanut_butter,Skippy,Skippy peanut butter crunchy 462 g,سكيبي زبدة فول سوداني خشنة 462 غم,462,g,jar,USA,no,medium,https://karaz.ps/shop/product/skippy-peanut-butter-%D8%B2%D8%A8%D8%AF%D8%A9-%D9%81%D9%88%D9%84-%D8%B3%D9%88%D8%AF%D8%A7%D9%86%D9%8A-462g-%D8%AE%D8%B4%D9%86%D8%A9/,"karaz.ps listing (West Bank/Jerusalem online supermarket); import, unlikely in Gaza"
peanut_butter,Jif,Jif peanut butter crunchy 454 g,جيف زبدة فول سوداني خشنة 454 غم,454,g,jar,USA,no,low,https://karaz.ps/shop/product/jif-peanut-butter-%D8%B2%D8%A8%D8%AF%D8%A9-%D9%81%D9%88%D9%84-%D8%B3%D9%88%D8%AF%D8%A7%D9%86%D9%8A-454g-%D8%AE%D8%B4%D9%86%D8%A9/,"karaz.ps listing (West Bank/Jerusalem online supermarket); import, unlikely in Gaza"
zaatar,Maggi,Maggi zaatar mix 27 g,ماجي توابل خلطة زعتر 27 غم,27,g,sachet,unknown,no,medium,https://karaz.ps/shop/product/maggi-zaatar-mix-27g-%D9%85%D8%A7%D8%AC%D9%8A-%D8%AA%D9%88%D8%A7%D8%A8%D9%84-%D8%AE%D9%84%D8%B7%D8%A9-%D8%B2%D8%B9%D8%AA%D8%B1/,karaz.ps listing (West Bank/Jerusalem online supermarket)
paprika,Saleh Khalaf,Saleh Khalaf smoked paprika 100 g,صالح خلف بابريكا مدخن مطحون 100 غرام,100,g,bag,unknown,no,medium,https://karaz.ps/shop/product/saleh-khalaf-%D8%A8%D8%A8%D8%B1%D9%8A%D9%83%D8%A7-%D9%85%D8%AF%D8%AE%D9%86-%D9%85%D8%B7%D8%AD%D9%88%D9%86-100%D8%BA%D8%B1%D8%A7%D9%85/,karaz.ps listing (West Bank/Jerusalem online supermarket)
gaza_dukkah,generic (loose),"Gaza brown dukkah, loose 125 g",دقة بنية (الدقة الغزاوية) 125 غم,125,g,loose,Palestine,no,medium,https://alsaeedforherbandspice.com/products/dukkah,"Al-Saeed spice shop, Hebron; sold loose by weight; Gaza attarin sell the same way by the waqiya"
gaza_dukkah,generic (loose),"Gaza brown dukkah, loose 250 g",دقة بنية (الدقة الغزاوية) 250 غم,250,g,loose,Palestine,no,medium,https://alsaeedforherbandspice.com/products/dukkah,"Al-Saeed spice shop, Hebron; sold loose by weight; Gaza attarin sell the same way by the waqiya"
gaza_dukkah,generic (loose),"Gaza brown dukkah, loose 500 g",دقة بنية (الدقة الغزاوية) 500 غم,500,g,loose,Palestine,no,medium,https://alsaeedforherbandspice.com/products/dukkah,"Al-Saeed spice shop, Hebron; sold loose by weight; Gaza attarin sell the same way by the waqiya"
gaza_dukkah,generic (loose),"Gaza brown dukkah, loose 1000 g",دقة بنية (الدقة الغزاوية) 1000 غم,1000,g,loose,Palestine,no,medium,https://alsaeedforherbandspice.com/products/dukkah,"Al-Saeed spice shop, Hebron; sold loose by weight; Gaza attarin sell the same way by the waqiya"
sumac,generic (loose),"Ground sumac, loose 125 g",سماق مطحون 125 غم,125,g,loose,Palestine,no,medium,https://alsaeedforherbandspice.com/products/ground-sumac,"Al-Saeed spice shop, Hebron; sold loose by weight; Gaza attarin sell the same way by the waqiya"
sumac,generic (loose),"Ground sumac, loose 250 g",سماق مطحون 250 غم,250,g,loose,Palestine,no,medium,https://alsaeedforherbandspice.com/products/ground-sumac,"Al-Saeed spice shop, Hebron; sold loose by weight; Gaza attarin sell the same way by the waqiya"
sumac,generic (loose),"Ground sumac, loose 1000 g",سماق مطحون 1000 غم,1000,g,loose,Palestine,no,medium,https://alsaeedforherbandspice.com/products/ground-sumac,"Al-Saeed spice shop, Hebron; sold loose by weight; Gaza attarin sell the same way by the waqiya"
sumac,generic (loose),"Whole baladi sumac, loose 250 g",سماق بلدي حب 250 غم,250,g,loose,Palestine,no,medium,https://alsaeedforherbandspice.com/products/sumac-seeds,"Al-Saeed spice shop, Hebron; sold loose by weight; Gaza attarin sell the same way by the waqiya"
turmeric,generic (loose),"Ground turmeric, loose 125 g",كركم ناعم 125 غم,125,g,loose,Palestine,no,medium,https://alsaeedforherbandspice.com/products/ground-turmeric,"Al-Saeed spice shop, Hebron; sold loose by weight; Gaza attarin sell the same way by the waqiya"
turmeric,generic (loose),"Ground turmeric, loose 250 g",كركم ناعم 250 غم,250,g,loose,Palestine,no,medium,https://alsaeedforherbandspice.com/products/ground-turmeric,"Al-Saeed spice shop, Hebron; sold loose by weight; Gaza attarin sell the same way by the waqiya"
turmeric,generic (loose),"Ground turmeric, loose 1000 g",كركم ناعم 1000 غم,1000,g,loose,Palestine,no,medium,https://alsaeedforherbandspice.com/products/ground-turmeric,"Al-Saeed spice shop, Hebron; sold loose by weight; Gaza attarin sell the same way by the waqiya"
dill_seed,generic (loose),"Dill seeds (ein jarada), loose 125 g",بذور عين الجرادة (شبت) 125 غم,125,g,loose,Palestine,no,medium,https://alsaeedforherbandspice.com/products/dill-seeds,"Al-Saeed spice shop, Hebron; sold loose by weight; Gaza attarin sell the same way by the waqiya"
dill_seed,generic (loose),"Dill seeds (ein jarada), loose 250 g",بذور عين الجرادة (شبت) 250 غم,250,g,loose,Palestine,no,medium,https://alsaeedforherbandspice.com/products/dill-seeds,"Al-Saeed spice shop, Hebron; sold loose by weight; Gaza attarin sell the same way by the waqiya"
cardamom,generic (loose),"Green cardamom, medium, loose 65 g",هيل أخضر وسط 65 غم,65,g,loose,Palestine,no,medium,https://alsaeedforherbandspice.com/products/green-cardamom,"Al-Saeed spice shop, Hebron; sold loose by weight; Gaza attarin sell the same way by the waqiya"
cardamom,generic (loose),"Green cardamom, medium, loose 125 g",هيل أخضر وسط 125 غم,125,g,loose,Palestine,no,medium,https://alsaeedforherbandspice.com/products/green-cardamom,"Al-Saeed spice shop, Hebron; sold loose by weight; Gaza attarin sell the same way by the waqiya"
cardamom,generic (loose),"Green cardamom, medium, loose 250 g",هيل أخضر وسط 250 غم,250,g,loose,Palestine,no,medium,https://alsaeedforherbandspice.com/products/green-cardamom,"Al-Saeed spice shop, Hebron; sold loose by weight; Gaza attarin sell the same way by the waqiya"
cardamom,generic (loose),"Ground cardamom, loose 125 g",هيل مطحون 125 غم,125,g,loose,Palestine,no,medium,https://alsaeedforherbandspice.com/products/ground-cardamom,"Al-Saeed spice shop, Hebron; sold loose by weight; Gaza attarin sell the same way by the waqiya"
cardamom,generic (loose),"Ground cardamom, loose 250 g",هيل مطحون 250 غم,250,g,loose,Palestine,no,medium,https://alsaeedforherbandspice.com/products/ground-cardamom,"Al-Saeed spice shop, Hebron; sold loose by weight; Gaza attarin sell the same way by the waqiya"
anise,generic (loose),"Aniseed whole, loose 125 g",يانسون حب 125 غم,125,g,loose,Palestine,no,medium,https://alsaeedforherbandspice.com/products/anise-seeds,"Al-Saeed spice shop, Hebron; sold loose by weight; Gaza attarin sell the same way by the waqiya"
anise,generic (loose),"Aniseed whole, loose 250 g",يانسون حب 250 غم,250,g,loose,Palestine,no,medium,https://alsaeedforherbandspice.com/products/anise-seeds,"Al-Saeed spice shop, Hebron; sold loose by weight; Gaza attarin sell the same way by the waqiya"
anise,generic (loose),"Ground aniseed, loose 125 g",يانسون مطحون 125 غم,125,g,loose,Palestine,no,medium,https://alsaeedforherbandspice.com/products/ground-aniseeds,"Al-Saeed spice shop, Hebron; sold loose by weight; Gaza attarin sell the same way by the waqiya"
anise,generic (loose),"Ground aniseed, loose 250 g",يانسون مطحون 250 غم,250,g,loose,Palestine,no,medium,https://alsaeedforherbandspice.com/products/ground-aniseeds,"Al-Saeed spice shop, Hebron; sold loose by weight; Gaza attarin sell the same way by the waqiya"
anise,generic (loose),"Star anise, loose 125 g",يانسون نجمة 125 غم,125,g,loose,Palestine,no,medium,https://alsaeedforherbandspice.com/products/star-anise,"Al-Saeed spice shop, Hebron; sold loose by weight; Gaza attarin sell the same way by the waqiya"
cinnamon,generic (loose),"Ground cinnamon, loose 125 g",قرفة ناعمة 125 غم,125,g,loose,Palestine,no,medium,https://alsaeedforherbandspice.com/products/ground-cinnamon,"Al-Saeed spice shop, Hebron; sold loose by weight; Gaza attarin sell the same way by the waqiya"
cinnamon,generic (loose),"Ground cinnamon, loose 250 g",قرفة ناعمة 250 غم,250,g,loose,Palestine,no,medium,https://alsaeedforherbandspice.com/products/ground-cinnamon,"Al-Saeed spice shop, Hebron; sold loose by weight; Gaza attarin sell the same way by the waqiya"
coriander_dry,generic (loose),"Ground coriander, loose 125 g",كزبرة ناشفة 125 غم,125,g,loose,Palestine,no,medium,https://alsaeedforherbandspice.com/products/ground-coriander,"Al-Saeed spice shop, Hebron; sold loose by weight; Gaza attarin sell the same way by the waqiya"
coriander_dry,generic (loose),"Ground coriander, loose 250 g",كزبرة ناشفة 250 غم,250,g,loose,Palestine,no,medium,https://alsaeedforherbandspice.com/products/ground-coriander,"Al-Saeed spice shop, Hebron; sold loose by weight; Gaza attarin sell the same way by the waqiya"
coriander_dry,generic (loose),"Coriander seeds, loose 125 g",كزبرة حب ناشفة 125 غم,125,g,loose,Palestine,no,medium,https://alsaeedforherbandspice.com/products/coriander-seeds,"Al-Saeed spice shop, Hebron; sold loose by weight; Gaza attarin sell the same way by the waqiya"
coriander_dry,generic (loose),"Coriander seeds, loose 250 g",كزبرة حب ناشفة 250 غم,250,g,loose,Palestine,no,medium,https://alsaeedforherbandspice.com/products/coriander-seeds,"Al-Saeed spice shop, Hebron; sold loose by weight; Gaza attarin sell the same way by the waqiya"
caraway,generic (loose),"Ground caraway, loose 125 g",كراوية مطحونة 125 غم,125,g,loose,Palestine,no,medium,https://alsaeedforherbandspice.com/products/ground-caraway-seeds,"Al-Saeed spice shop, Hebron; sold loose by weight; Gaza attarin sell the same way by the waqiya"
caraway,generic (loose),"Ground caraway, loose 250 g",كراوية مطحونة 250 غم,250,g,loose,Palestine,no,medium,https://alsaeedforherbandspice.com/products/ground-caraway-seeds,"Al-Saeed spice shop, Hebron; sold loose by weight; Gaza attarin sell the same way by the waqiya"
cloves,generic (loose),"Whole cloves, loose 65 g",زهرة القرنفل 65 غم,65,g,loose,Palestine,no,medium,https://alsaeedforherbandspice.com/products/cloves-flower,"Al-Saeed spice shop, Hebron; sold loose by weight; Gaza attarin sell the same way by the waqiya"
cloves,generic (loose),"Whole cloves, loose 125 g",زهرة القرنفل 125 غم,125,g,loose,Palestine,no,medium,https://alsaeedforherbandspice.com/products/cloves-flower,"Al-Saeed spice shop, Hebron; sold loose by weight; Gaza attarin sell the same way by the waqiya"
nutmeg,generic (loose),"Nutmeg, loose 125 g",جوزة الطيب 125 غم,125,g,loose,Palestine,no,medium,https://alsaeedforherbandspice.com/products/nutmeg,"Al-Saeed spice shop, Hebron; sold loose by weight; Gaza attarin sell the same way by the waqiya"
ginger_ground,generic (loose),"Dried ginger, loose 125 g",زنجبيل ناشف 125 غم,125,g,loose,Palestine,no,medium,https://alsaeedforherbandspice.com/products/dried-ginger,"Al-Saeed spice shop, Hebron; sold loose by weight; Gaza attarin sell the same way by the waqiya"
ginger_ground,generic (loose),"Dried ginger, loose 250 g",زنجبيل ناشف 250 غم,250,g,loose,Palestine,no,medium,https://alsaeedforherbandspice.com/products/dried-ginger,"Al-Saeed spice shop, Hebron; sold loose by weight; Gaza attarin sell the same way by the waqiya"
paprika,generic (loose),"Sweet paprika, loose 125 g",بابريكا حلوة 125 غم,125,g,loose,Palestine,no,medium,https://alsaeedforherbandspice.com/products/sweet-paprika,"Al-Saeed spice shop, Hebron; sold loose by weight; Gaza attarin sell the same way by the waqiya"
paprika,generic (loose),"Sweet paprika, loose 250 g",بابريكا حلوة 250 غم,250,g,loose,Palestine,no,medium,https://alsaeedforherbandspice.com/products/sweet-paprika,"Al-Saeed spice shop, Hebron; sold loose by weight; Gaza attarin sell the same way by the waqiya"
paprika,generic (loose),"Hot paprika, loose 125 g",بابريكا حارة 125 غم,125,g,loose,Palestine,no,medium,https://alsaeedforherbandspice.com/products/spicy-paprika,"Al-Saeed spice shop, Hebron; sold loose by weight; Gaza attarin sell the same way by the waqiya"
black_seed,generic (loose),"Black seed (qizha), loose 125 g",الحبة السوداء (قزحة) 125 غم,125,g,loose,Palestine,no,medium,https://alsaeedforherbandspice.com/products/black-seeds,"Al-Saeed spice shop, Hebron; sold loose by weight; Gaza attarin sell the same way by the waqiya"
black_seed,generic (loose),"Black seed (qizha), loose 250 g",الحبة السوداء (قزحة) 250 غم,250,g,loose,Palestine,no,medium,https://alsaeedforherbandspice.com/products/black-seeds,"Al-Saeed spice shop, Hebron; sold loose by weight; Gaza attarin sell the same way by the waqiya"
maqluba_spice,generic (loose),"Maqluba seasoning, loose 125 g",بهار مقلوبة 125 غم,125,g,loose,Palestine,no,medium,https://alsaeedforherbandspice.com/products/maqluba-seasoning,"Al-Saeed spice shop, Hebron; sold loose by weight; Gaza attarin sell the same way by the waqiya"
maqluba_spice,generic (loose),"Maqluba seasoning, loose 250 g",بهار مقلوبة 250 غم,250,g,loose,Palestine,no,medium,https://alsaeedforherbandspice.com/products/maqluba-seasoning,"Al-Saeed spice shop, Hebron; sold loose by weight; Gaza attarin sell the same way by the waqiya"
kabsa_spice,generic (loose),"Kabsa spice, loose 125 g",بهار الكبسة 125 غم,125,g,loose,Palestine,no,medium,https://alsaeedforherbandspice.com/products/kabsa-spice,"Al-Saeed spice shop, Hebron; sold loose by weight; Gaza attarin sell the same way by the waqiya"
kabsa_spice,generic (loose),"Kabsa spice, loose 250 g",بهار الكبسة 250 غم,250,g,loose,Palestine,no,medium,https://alsaeedforherbandspice.com/products/kabsa-spice,"Al-Saeed spice shop, Hebron; sold loose by weight; Gaza attarin sell the same way by the waqiya"
seven_spice,generic (loose),"Seven spices (mixed cooking bhar), loose 125 g",بهار طبيخ مشكل (السبع بهارات) 125 غم,125,g,loose,Palestine,no,medium,https://alsaeedforherbandspice.com/products/seven-spices,"Al-Saeed spice shop, Hebron; sold loose by weight; Gaza attarin sell the same way by the waqiya"
seven_spice,generic (loose),"Seven spices (mixed cooking bhar), loose 250 g",بهار طبيخ مشكل (السبع بهارات) 250 غم,250,g,loose,Palestine,no,medium,https://alsaeedforherbandspice.com/products/seven-spices,"Al-Saeed spice shop, Hebron; sold loose by weight; Gaza attarin sell the same way by the waqiya"
seven_spice,generic (loose),"Seven spices (mixed cooking bhar), loose 1000 g",بهار طبيخ مشكل (السبع بهارات) 1000 غم,1000,g,loose,Palestine,no,medium,https://alsaeedforherbandspice.com/products/seven-spices,"Al-Saeed spice shop, Hebron; sold loose by weight; Gaza attarin sell the same way by the waqiya"
cumin,generic (loose),"Ground cumin, loose 125 g",كمون ناعم 125 غم,125,g,loose,Palestine,no,medium,https://alsaeedforherbandspice.com/products/ground-cumin,"Al-Saeed spice shop, Hebron; sold loose by weight; Gaza attarin sell the same way by the waqiya"
cumin,generic (loose),"Ground cumin, loose 250 g",كمون ناعم 250 غم,250,g,loose,Palestine,no,medium,https://alsaeedforherbandspice.com/products/ground-cumin,"Al-Saeed spice shop, Hebron; sold loose by weight; Gaza attarin sell the same way by the waqiya"
cumin,generic (loose),"Ground cumin, loose 1000 g",كمون ناعم 1000 غم,1000,g,loose,Palestine,no,medium,https://alsaeedforherbandspice.com/products/ground-cumin,"Al-Saeed spice shop, Hebron; sold loose by weight; Gaza attarin sell the same way by the waqiya"
cumin,generic (loose),"Cumin seeds, loose 125 g",كمون حب 125 غم,125,g,loose,Palestine,no,medium,https://alsaeedforherbandspice.com/products/cumin-seeds,"Al-Saeed spice shop, Hebron; sold loose by weight; Gaza attarin sell the same way by the waqiya"
cumin,generic (loose),"Cumin seeds, loose 250 g",كمون حب 250 غم,250,g,loose,Palestine,no,medium,https://alsaeedforherbandspice.com/products/cumin-seeds,"Al-Saeed spice shop, Hebron; sold loose by weight; Gaza attarin sell the same way by the waqiya"
black_pepper,generic (loose),"Ground black pepper, loose 125 g",فلفل أسود مطحون 125 غم,125,g,loose,Palestine,no,medium,https://alsaeedforherbandspice.com/products/ground-black-pepper,"Al-Saeed spice shop, Hebron; sold loose by weight; Gaza attarin sell the same way by the waqiya"
black_pepper,generic (loose),"Ground black pepper, loose 250 g",فلفل أسود مطحون 250 غم,250,g,loose,Palestine,no,medium,https://alsaeedforherbandspice.com/products/ground-black-pepper,"Al-Saeed spice shop, Hebron; sold loose by weight; Gaza attarin sell the same way by the waqiya"
black_pepper,generic (loose),"Black peppercorns, loose 125 g",فلفل أسود حب 125 غم,125,g,loose,Palestine,no,medium,https://alsaeedforherbandspice.com/products/black-pepper-seeds,"Al-Saeed spice shop, Hebron; sold loose by weight; Gaza attarin sell the same way by the waqiya"
chilli,generic (loose),"Crushed chili, loose 125 g",شطة مجروشة 125 غم,125,g,loose,Palestine,no,medium,https://alsaeedforherbandspice.com/products/crushed-chili-pepper,"Al-Saeed spice shop, Hebron; sold loose by weight; Gaza attarin sell the same way by the waqiya"
chilli,generic (loose),"Crushed chili, loose 250 g",شطة مجروشة 250 غم,250,g,loose,Palestine,no,medium,https://alsaeedforherbandspice.com/products/crushed-chili-pepper,"Al-Saeed spice shop, Hebron; sold loose by weight; Gaza attarin sell the same way by the waqiya"
zaatar,generic (loose),"Zaatar, loose 125 g",زعتر 125 غم,125,g,loose,Palestine,no,medium,https://alsaeedforherbandspice.com/products/zaatar,"Al-Saeed spice shop, Hebron; sold loose by weight; Gaza attarin sell the same way by the waqiya"
zaatar,generic (loose),"Zaatar, loose 250 g",زعتر 250 غم,250,g,loose,Palestine,no,medium,https://alsaeedforherbandspice.com/products/zaatar,"Al-Saeed spice shop, Hebron; sold loose by weight; Gaza attarin sell the same way by the waqiya"
zaatar,generic (loose),"Zaatar, loose 500 g",زعتر 500 غم,500,g,loose,Palestine,no,medium,https://alsaeedforherbandspice.com/products/zaatar,"Al-Saeed spice shop, Hebron; sold loose by weight; Gaza attarin sell the same way by the waqiya"
zaatar,generic (loose),"Zaatar, loose 1000 g",زعتر 1000 غم,1000,g,loose,Palestine,no,medium,https://alsaeedforherbandspice.com/products/zaatar,"Al-Saeed spice shop, Hebron; sold loose by weight; Gaza attarin sell the same way by the waqiya"
citric_acid,generic (loose),"Citric acid (lemon salt), loose 125 g",ملح الليمون 125 غم,125,g,loose,Palestine,no,medium,https://alsaeedforherbandspice.com/products/citric-acid,"Al-Saeed spice shop, Hebron; sold loose by weight; Gaza attarin sell the same way by the waqiya"
citric_acid,generic (loose),"Citric acid (lemon salt), loose 250 g",ملح الليمون 250 غم,250,g,loose,Palestine,no,medium,https://alsaeedforherbandspice.com/products/citric-acid,"Al-Saeed spice shop, Hebron; sold loose by weight; Gaza attarin sell the same way by the waqiya"
citric_acid,generic (loose),"Citric acid (lemon salt), loose 1000 g",ملح الليمون 1000 غم,1000,g,loose,Palestine,no,medium,https://alsaeedforherbandspice.com/products/citric-acid,"Al-Saeed spice shop, Hebron; sold loose by weight; Gaza attarin sell the same way by the waqiya"
animal_ghee,generic (loose),"Palestinian baladi ghee, loose 250 g",سمنة بلدية 250 غم,250,g,loose,Palestine,no,medium,https://alsaeedforherbandspice.com/products/palestinian-ghee,"Al-Saeed spice shop, Hebron; sold loose by weight; Gaza attarin sell the same way by the waqiya"
animal_ghee,generic (loose),"Palestinian baladi ghee, loose 500 g",سمنة بلدية 500 غم,500,g,loose,Palestine,no,medium,https://alsaeedforherbandspice.com/products/palestinian-ghee,"Al-Saeed spice shop, Hebron; sold loose by weight; Gaza attarin sell the same way by the waqiya"
honey,generic (loose),"Sidr honey, loose 250 g",عسل السدر الملكي 250 غم,250,g,loose,Palestine,no,medium,https://alsaeedforherbandspice.com/products/sidir-honey,"Al-Saeed spice shop, Hebron; sold loose by weight; Gaza attarin sell the same way by the waqiya"
honey,generic (loose),"Sidr honey, loose 500 g",عسل السدر الملكي 500 غم,500,g,loose,Palestine,no,medium,https://alsaeedforherbandspice.com/products/sidir-honey,"Al-Saeed spice shop, Hebron; sold loose by weight; Gaza attarin sell the same way by the waqiya"
honey,generic (loose),"Sidr honey, loose 1000 g",عسل السدر الملكي 1000 غم,1000,g,loose,Palestine,no,medium,https://alsaeedforherbandspice.com/products/sidir-honey,"Al-Saeed spice shop, Hebron; sold loose by weight; Gaza attarin sell the same way by the waqiya"
carob_molasses,generic (loose),"Carob molasses, loose 500 g",دبس الخروب 500 غم,500,g,loose,Palestine,no,medium,https://alsaeedforherbandspice.com/products/carob-molasses,"Al-Saeed spice shop, Hebron; sold loose by weight; Gaza attarin sell the same way by the waqiya"
carob_molasses,generic (loose),"Carob molasses, loose 1000 g",دبس الخروب 1000 غم,1000,g,loose,Palestine,no,medium,https://alsaeedforherbandspice.com/products/carob-molasses,"Al-Saeed spice shop, Hebron; sold loose by weight; Gaza attarin sell the same way by the waqiya"
grape_molasses,generic (loose),"Hebron grape molasses, no added sugar, loose 1000 g",دبس عنب خليلي بدون سكر 1000 غم,1000,g,loose,Palestine,no,medium,https://alsaeedforherbandspice.com/products/grape-molasses-1000g,"Al-Saeed spice shop, Hebron; sold loose by weight; Gaza attarin sell the same way by the waqiya"
grape_molasses,generic (loose),"Hebron grape molasses, no added sugar, loose 2500 g",دبس عنب خليلي بدون سكر 2500 غم,2500,g,loose,Palestine,no,medium,https://alsaeedforherbandspice.com/products/grape-molasses-1000g,"Al-Saeed spice shop, Hebron; sold loose by weight; Gaza attarin sell the same way by the waqiya"
tahini,Durra,Durra tahina 400 g,طحينة السمسم الدرة 400 غم,400,g,jar,Syria/Jordan,no,high,https://alsaeedforherbandspice.com/products/durra-tahina,"Al-Saeed spice shop, Hebron; packaged product"
tahini,Durra,Durra tahina 800 g,طحينة السمسم الدرة 800 غم,800,g,jar,Syria/Jordan,no,high,https://alsaeedforherbandspice.com/products/durra-tahina,"Al-Saeed spice shop, Hebron; packaged product"
ketchup,Durra,"Durra tomato ketchup 900 g, sweet",كاتشب الطماطم الدرة 900 غم حلو,900,g,bottle,Syria/Jordan,no,high,https://alsaeedforherbandspice.com/products/durra-tomato-ketchup-900g,"Al-Saeed spice shop, Hebron; packaged product"
ketchup,Durra,"Durra tomato ketchup 900 g, spicy",كاتشب الطماطم الدرة 900 غم حار,900,g,bottle,Syria/Jordan,no,high,https://alsaeedforherbandspice.com/products/durra-tomato-ketchup-900g,"Al-Saeed spice shop, Hebron; packaged product"
hot_sauce,Rana,Rana hot sauce 474 g,شطة رنا الحارة 474 غم,474,g,bottle,unknown,no,medium,https://alsaeedforherbandspice.com/products/rana-hot-sauce-474g,"Al-Saeed spice shop, Hebron; packaged product"
hot_sauce,Rana,Rana extra hot sauce 100 ml,شطة رنا الحارة جداً 100 مل,100,ml,bottle,unknown,no,medium,https://alsaeedforherbandspice.com/products/rana-extra-hot-sauce-100ml,"Al-Saeed spice shop, Hebron; packaged product"
hot_sauce,generic,"Hot sauce sachets, pack of 20",شطة 20 مغلف,20,piece,sachet,unknown,no,medium,https://alsaeedforherbandspice.com/products/hot-sauce-sachets-pack-20,"Al-Saeed spice shop, Hebron; packaged product; single-serve, useful without a fridge"
honey,Langnese,Langnese wild flower honey 500 g,عسل الزهور البرية لانجنيز 500 غم,500,g,jar,Germany,no,high,https://alsaeedforherbandspice.com/products/langnese-wild-flower-honey-500g,"Al-Saeed spice shop, Hebron; packaged product"
animal_ghee,Al-Baqara Al-Haloub (QBB),Dutch cow butter ghee 800 g,سمنة البقرة الحلوب 800 غم,800,g,tin,Netherlands,no,high,https://alsaeedforherbandspice.com/products/pure-butter-ghee,"Al-Saeed spice shop, Hebron; packaged product"
animal_ghee,Al-Baqara Al-Haloub (QBB),Dutch cow butter ghee 1.6 kg,سمنة البقرة الحلوب 1600 غم,1600,g,tin,Netherlands,no,high,https://alsaeedforherbandspice.com/products/pure-butter-ghee,"Al-Saeed spice shop, Hebron; packaged product"
olive_oil,generic,Khalili (Hebron) olive oil 1 L,زيت زيتون خليلي 1000 مل,1000,ml,bottle,Palestine,no,medium,https://alsaeedforherbandspice.com/products/khalili-olive-oil-1000ml,"Al-Saeed spice shop, Hebron; packaged product"
stock_powder,generic,Chicken stock powder 1 kg,مسحوق مرقة الدجاج (بديل الماجي) 1000 غم,1000,g,bag,unknown,no,medium,https://alsaeedforherbandspice.com/products/chicken-stock-powder-1000g,"Al-Saeed spice shop, Hebron; packaged product"
stock_powder,generic,Vegetarian 'healthy Maggi' seasoning 300 g,ماجي صحي نباتي 300 غم,300,g,jar,unknown,no,low,https://alsaeedforherbandspice.com/products/healthy-maggi,"Al-Saeed spice shop, Hebron; packaged product"
stock_powder,generic,Vegetarian 'healthy Maggi' seasoning 750 g,ماجي صحي نباتي 750 غم,750,g,jar,unknown,no,low,https://alsaeedforherbandspice.com/products/healthy-maggi,"Al-Saeed spice shop, Hebron; packaged product"
vinegar,generic,Natural apple cider vinegar 1 L,خل تفاح طبيعي 1 لتر,1000,ml,bottle,unknown,no,medium,https://alsaeedforherbandspice.com/products/natural-apple-cider-vinegar-1-liter,"Al-Saeed spice shop, Hebron; packaged product"
pomegranate_molasses,generic,Pomegranate molasses 500 g,دبس الرمان 500 غم,500,g,bottle,unknown,no,medium,https://alsaeedforherbandspice.com/products/pomegranate-molasses-500g,"Al-Saeed spice shop, Hebron; packaged product"
veg_oil,Crystal,Crystal sunflower oil 700 ml,زيت عباد الشمس كريستال 700 مل,700,ml,bottle,Egypt,no,medium,https://www.carrefouregypt.com/mafegy/ar/c/FEGY1760400,"Egyptian brand listed by Carrefour Egypt; Egyptian goods reach Gaza via Rafah/Kerem Shalom, Gaza availability not confirmed"
veg_oil,Crystal,Crystal sunflower oil 1 L,زيت عباد الشمس كريستال 1 لتر,1000,ml,bottle,Egypt,no,medium,https://www.carrefouregypt.com/mafegy/ar/c/FEGY1760400,"Egyptian brand listed by Carrefour Egypt; Egyptian goods reach Gaza via Rafah/Kerem Shalom, Gaza availability not confirmed"
veg_oil,Crystal,Crystal sunflower oil 1.6 L,زيت عباد الشمس كريستال 1.6 لتر,1600,ml,bottle,Egypt,no,medium,https://www.carrefouregypt.com/mafegy/ar/c/FEGY1760400,"Egyptian brand listed by Carrefour Egypt; Egyptian goods reach Gaza via Rafah/Kerem Shalom, Gaza availability not confirmed"
veg_oil,Crystal,Crystal sunflower oil 2.2 L,زيت عباد الشمس كريستال 2.2 لتر,2200,ml,bottle,Egypt,no,medium,https://www.carrefouregypt.com/mafegy/ar/c/FEGY1760400,"Egyptian brand listed by Carrefour Egypt; Egyptian goods reach Gaza via Rafah/Kerem Shalom, Gaza availability not confirmed"
veg_oil,Crystal,Crystal sunflower oil 5 L,زيت عباد الشمس كريستال 5 لتر,5000,ml,bottle,Egypt,no,medium,https://www.carrefouregypt.com/mafegy/ar/c/FEGY1760400,"Egyptian brand listed by Carrefour Egypt; Egyptian goods reach Gaza via Rafah/Kerem Shalom, Gaza availability not confirmed"
veg_oil,Crystal,Crystal corn oil 700 ml,زيت ذرة كريستال 700 مل,700,ml,bottle,Egypt,no,medium,https://www.carrefouregypt.com/mafegy/ar/c/FEGY1760400,"Egyptian brand listed by Carrefour Egypt; Egyptian goods reach Gaza via Rafah/Kerem Shalom, Gaza availability not confirmed"
veg_oil,Crystal,Crystal corn oil 1 L,زيت ذرة كريستال 1 لتر,1000,ml,bottle,Egypt,no,medium,https://www.carrefouregypt.com/mafegy/ar/c/FEGY1760400,"Egyptian brand listed by Carrefour Egypt; Egyptian goods reach Gaza via Rafah/Kerem Shalom, Gaza availability not confirmed"
veg_oil,Crystal,Crystal corn oil 1.6 L,زيت ذرة كريستال 1.6 لتر,1600,ml,bottle,Egypt,no,medium,https://www.carrefouregypt.com/mafegy/ar/c/FEGY1760400,"Egyptian brand listed by Carrefour Egypt; Egyptian goods reach Gaza via Rafah/Kerem Shalom, Gaza availability not confirmed"
veg_oil,Crystal,Crystal corn oil 2.2 L,زيت ذرة كريستال 2.2 لتر,2200,ml,bottle,Egypt,no,medium,https://www.carrefouregypt.com/mafegy/ar/c/FEGY1760400,"Egyptian brand listed by Carrefour Egypt; Egyptian goods reach Gaza via Rafah/Kerem Shalom, Gaza availability not confirmed"
veg_oil,Crystal,Crystal corn oil 3.5 L,زيت ذرة كريستال 3.5 لتر,3500,ml,bottle,Egypt,no,medium,https://www.carrefouregypt.com/mafegy/ar/c/FEGY1760400,"Egyptian brand listed by Carrefour Egypt; Egyptian goods reach Gaza via Rafah/Kerem Shalom, Gaza availability not confirmed"
veg_oil,Afia,Afia sunflower oil 700 ml,زيت عباد الشمس عافية 700 مل,700,ml,bottle,Egypt,no,medium,https://www.carrefouregypt.com/mafegy/ar/c/FEGY1760400,"Egyptian brand listed by Carrefour Egypt; Egyptian goods reach Gaza via Rafah/Kerem Shalom, Gaza availability not confirmed"
veg_oil,Afia,Afia sunflower oil 2.2 L,زيت عباد الشمس عافية 2.2 لتر,2200,ml,bottle,Egypt,no,medium,https://www.carrefouregypt.com/mafegy/ar/c/FEGY1760400,"Egyptian brand listed by Carrefour Egypt; Egyptian goods reach Gaza via Rafah/Kerem Shalom, Gaza availability not confirmed"
veg_oil,Afia,Afia corn oil 2.2 L,زيت ذرة عافية 2.2 لتر,2200,ml,bottle,Egypt,no,medium,https://www.carrefouregypt.com/mafegy/ar/c/FEGY1760400,"Egyptian brand listed by Carrefour Egypt; Egyptian goods reach Gaza via Rafah/Kerem Shalom, Gaza availability not confirmed"
veg_oil,Zaza,Zaza sunflower oil 700 ml,زيت عباد الشمس زازا 700 مل,700,ml,bottle,unknown,no,low,https://www.carrefouregypt.com/mafegy/ar/c/FEGY1760400,"Egyptian brand listed by Carrefour Egypt; Egyptian goods reach Gaza via Rafah/Kerem Shalom, Gaza availability not confirmed"
veg_oil,Zaza,Zaza sunflower oil 5 L,زيت عباد الشمس زازا 5 لتر,5000,ml,bottle,unknown,no,low,https://www.carrefouregypt.com/mafegy/ar/c/FEGY1760400,"Egyptian brand listed by Carrefour Egypt; Egyptian goods reach Gaza via Rafah/Kerem Shalom, Gaza availability not confirmed"
veg_oil,Zaza,Zaza corn oil 700 ml,زيت ذرة زازا 700 مل,700,ml,bottle,unknown,no,low,https://www.carrefouregypt.com/mafegy/ar/c/FEGY1760400,"Egyptian brand listed by Carrefour Egypt; Egyptian goods reach Gaza via Rafah/Kerem Shalom, Gaza availability not confirmed"
veg_oil,Zaza,Zaza mixed oil 700 ml,زيت خليط زازا 700 مل,700,ml,bottle,unknown,no,low,https://www.carrefouregypt.com/mafegy/ar/c/FEGY1760400,"Egyptian brand listed by Carrefour Egypt; Egyptian goods reach Gaza via Rafah/Kerem Shalom, Gaza availability not confirmed"
veg_oil,Helwa,Helwa sunflower oil 4.5 L,زيت عباد الشمس حلوة 4.5 لتر,4500,ml,bottle,Egypt,no,low,https://www.carrefouregypt.com/mafegy/ar/c/FEGY1760400,"Egyptian brand listed by Carrefour Egypt; Egyptian goods reach Gaza via Rafah/Kerem Shalom, Gaza availability not confirmed"
veg_oil,Helwa,Helwa mixed oil 1 L,زيت خليط حلوة 1 لتر,1000,ml,bottle,Egypt,no,low,https://www.carrefouregypt.com/mafegy/ar/c/FEGY1760400,"Egyptian brand listed by Carrefour Egypt; Egyptian goods reach Gaza via Rafah/Kerem Shalom, Gaza availability not confirmed"
veg_oil,Helwa,Helwa mixed oil 2.25 L,زيت خليط حلوة 2.25 لتر,2250,ml,bottle,Egypt,no,low,https://www.carrefouregypt.com/mafegy/ar/c/FEGY1760400,"Egyptian brand listed by Carrefour Egypt; Egyptian goods reach Gaza via Rafah/Kerem Shalom, Gaza availability not confirmed"
veg_oil,Helwa,Helwa mixed oil 4.5 L,زيت خليط حلوة 4.5 لتر,4500,ml,bottle,Egypt,no,low,https://www.carrefouregypt.com/mafegy/ar/c/FEGY1760400,"Egyptian brand listed by Carrefour Egypt; Egyptian goods reach Gaza via Rafah/Kerem Shalom, Gaza availability not confirmed"
veg_oil,Qaleya,Qaleya mixed oil 700 ml,زيت خليط قلية 700 مل,700,ml,bottle,unknown,no,low,https://www.carrefouregypt.com/mafegy/ar/c/FEGY1760400,"Egyptian brand listed by Carrefour Egypt; Egyptian goods reach Gaza via Rafah/Kerem Shalom, Gaza availability not confirmed"
veg_oil,Qaleya,Qaleya mixed oil 2.1 L,زيت خليط قلية 2.1 لتر,2100,ml,bottle,unknown,no,low,https://www.carrefouregypt.com/mafegy/ar/c/FEGY1760400,"Egyptian brand listed by Carrefour Egypt; Egyptian goods reach Gaza via Rafah/Kerem Shalom, Gaza availability not confirmed"
veg_oil,Qaleya,Qaleya mixed oil 4.5 L,زيت خليط قلية 4.5 لتر,4500,ml,bottle,unknown,no,low,https://www.carrefouregypt.com/mafegy/ar/c/FEGY1760400,"Egyptian brand listed by Carrefour Egypt; Egyptian goods reach Gaza via Rafah/Kerem Shalom, Gaza availability not confirmed"
veg_oil,Hedeya,Hedeya mixed oil 2.1 L,زيت خليط هدية 2.1 لتر,2100,ml,bottle,unknown,no,low,https://www.carrefouregypt.com/mafegy/ar/c/FEGY1760400,"Egyptian brand listed by Carrefour Egypt; Egyptian goods reach Gaza via Rafah/Kerem Shalom, Gaza availability not confirmed"
veg_oil,Hedeya,Hedeya mixed oil 4.5 L,زيت خليط هدية 4.5 لتر,4500,ml,bottle,unknown,no,low,https://www.carrefouregypt.com/mafegy/ar/c/FEGY1760400,"Egyptian brand listed by Carrefour Egypt; Egyptian goods reach Gaza via Rafah/Kerem Shalom, Gaza availability not confirmed"
veg_oil,Sunny,Sunny cooking oil 2.4 L,زيت طعام صني 2.4 لتر,2400,ml,bottle,unknown,no,low,https://www.carrefouregypt.com/mafegy/ar/c/FEGY1760400,"Egyptian brand listed by Carrefour Egypt; Egyptian goods reach Gaza via Rafah/Kerem Shalom, Gaza availability not confirmed"
veg_oil,Sunny,Sunny cooking oil 4.4 L,زيت طعام صني 4.4 لتر,4400,ml,bottle,unknown,no,low,https://www.carrefouregypt.com/mafegy/ar/c/FEGY1760400,"Egyptian brand listed by Carrefour Egypt; Egyptian goods reach Gaza via Rafah/Kerem Shalom, Gaza availability not confirmed"
veg_oil,El Momtaz,El Momtaz mixed oil 2.5 L,زيت خليط الممتاز 2.5 لتر,2500,ml,bottle,unknown,no,low,https://www.carrefouregypt.com/mafegy/ar/c/FEGY1760400,"Egyptian brand listed by Carrefour Egypt; Egyptian goods reach Gaza via Rafah/Kerem Shalom, Gaza availability not confirmed"
veg_oil,Smart,Smart mixed oil 700 ml,زيت خليط سمارت 700 مل,700,ml,bottle,unknown,no,low,https://www.carrefouregypt.com/mafegy/ar/c/FEGY1760400,"Egyptian brand listed by Carrefour Egypt; Egyptian goods reach Gaza via Rafah/Kerem Shalom, Gaza availability not confirmed"
veg_oil,Slite,Slite sunflower oil 1.5 L,زيت عباد الشمس سلايت 1.5 لتر,1500,ml,bottle,unknown,no,low,https://www.carrefouregypt.com/mafegy/ar/c/FEGY1760400,"Egyptian brand listed by Carrefour Egypt; Egyptian goods reach Gaza via Rafah/Kerem Shalom, Gaza availability not confirmed"
veg_oil,Rehana,Rehana corn oil 2.35 L,زيت ذرة ريحانة 2.35 لتر,2350,ml,bottle,Egypt,no,low,https://www.carrefouregypt.com/mafegy/ar/c/FEGY1760400,"Egyptian brand listed by Carrefour Egypt; Egyptian goods reach Gaza via Rafah/Kerem Shalom, Gaza availability not confirmed"
olive_oil,Wadi Food,Wadi Food extra virgin olive oil 1000 ml,زيت زيتون بكر ممتاز وادي فود 1000 مل,1000,ml,bottle,Egypt,no,low,https://www.carrefouregypt.com/mafegy/ar/c/FEGY1760400,"Egyptian brand listed by Carrefour Egypt; Egyptian goods reach Gaza via Rafah/Kerem Shalom, Gaza availability not confirmed"
olive_oil,Wadi Food,Wadi Food virgin olive oil 250 ml,زيت زيتون بكر وادي فود 250 مل,250,ml,bottle,Egypt,no,low,https://www.carrefouregypt.com/mafegy/ar/c/FEGY1760400,"Egyptian brand listed by Carrefour Egypt; Egyptian goods reach Gaza via Rafah/Kerem Shalom, Gaza availability not confirmed"
olive_oil,Nile Garden,Nile Garden virgin olive oil 250 ml,زيت زيتون بكر نايل جاردن 250 مل,250,ml,bottle,Egypt,no,low,https://www.carrefouregypt.com/mafegy/ar/c/FEGY1760400,"Egyptian brand listed by Carrefour Egypt; Egyptian goods reach Gaza via Rafah/Kerem Shalom, Gaza availability not confirmed"
olive_oil,Borges,Borges extra virgin olive oil 750 ml,زيت زيتون بورجيس بكر ممتاز 750 مل,750,ml,bottle,Egypt,no,low,https://www.carrefouregypt.com/mafegy/ar/c/FEGY1760400,"Egyptian brand listed by Carrefour Egypt; Egyptian goods reach Gaza via Rafah/Kerem Shalom, Gaza availability not confirmed; Spanish brand"
animal_ghee,Sheraton,Sheraton natural ghee 400 g,سمن طبيعي شيراتون 400 غم,400,g,tin,unknown,no,low,https://www.carrefouregypt.com/mafegy/ar/c/FEGY1760400,"Egyptian brand listed by Carrefour Egypt; Egyptian goods reach Gaza via Rafah/Kerem Shalom, Gaza availability not confirmed"
animal_ghee,Sheraton,Sheraton natural ghee 800 g,سمن طبيعي شيراتون 800 غم,800,g,tin,unknown,no,low,https://www.carrefouregypt.com/mafegy/ar/c/FEGY1760400,"Egyptian brand listed by Carrefour Egypt; Egyptian goods reach Gaza via Rafah/Kerem Shalom, Gaza availability not confirmed"
animal_ghee,Sheraton,Sheraton natural ghee 1500 g,سمن طبيعي شيراتون 1500 غم,1500,g,tin,unknown,no,low,https://www.carrefouregypt.com/mafegy/ar/c/FEGY1760400,"Egyptian brand listed by Carrefour Egypt; Egyptian goods reach Gaza via Rafah/Kerem Shalom, Gaza availability not confirmed"
animal_ghee,Sheraton,Sheraton natural ghee 2000 g,سمن طبيعي شيراتون 2000 غم,2000,g,tin,unknown,no,low,https://www.carrefouregypt.com/mafegy/ar/c/FEGY1760400,"Egyptian brand listed by Carrefour Egypt; Egyptian goods reach Gaza via Rafah/Kerem Shalom, Gaza availability not confirmed"
animal_ghee,Fern,Fern natural ghee 700 g,سمن طبيعي فيرن 700 غم,700,g,tin,Egypt,no,low,https://www.carrefouregypt.com/mafegy/ar/c/FEGY1760400,"Egyptian brand listed by Carrefour Egypt; Egyptian goods reach Gaza via Rafah/Kerem Shalom, Gaza availability not confirmed"
animal_ghee,Fern,Fern natural ghee 1800 g,سمن طبيعي فيرن 1800 غم,1800,g,tin,Egypt,no,low,https://www.carrefouregypt.com/mafegy/ar/c/FEGY1760400,"Egyptian brand listed by Carrefour Egypt; Egyptian goods reach Gaza via Rafah/Kerem Shalom, Gaza availability not confirmed"
animal_ghee,Ganna,Ganna New Zealand ghee 700 g,سمن نيوزلندي جنة 700 غم,700,g,tin,unknown,no,low,https://www.carrefouregypt.com/mafegy/ar/c/FEGY1760400,"Egyptian brand listed by Carrefour Egypt; Egyptian goods reach Gaza via Rafah/Kerem Shalom, Gaza availability not confirmed"
animal_ghee,Ganna,Ganna New Zealand ghee 1500 g,سمن نيوزلندي جنة 1500 غم,1500,g,tin,unknown,no,low,https://www.carrefouregypt.com/mafegy/ar/c/FEGY1760400,"Egyptian brand listed by Carrefour Egypt; Egyptian goods reach Gaza via Rafah/Kerem Shalom, Gaza availability not confirmed"
animal_ghee,Haloub Al Missalia,Haloub Al Missalia natural ghee 800 g,سمن طبيعي حلوب المسلية 800 غم,800,g,tin,unknown,no,low,https://www.carrefouregypt.com/mafegy/ar/c/FEGY1760400,"Egyptian brand listed by Carrefour Egypt; Egyptian goods reach Gaza via Rafah/Kerem Shalom, Gaza availability not confirmed"
animal_ghee,Haloub Al Missalia,Haloub Al Missalia natural ghee 2000 g,سمن طبيعي حلوب المسلية 2000 غم,2000,g,tin,unknown,no,low,https://www.carrefouregypt.com/mafegy/ar/c/FEGY1760400,"Egyptian brand listed by Carrefour Egypt; Egyptian goods reach Gaza via Rafah/Kerem Shalom, Gaza availability not confirmed"
animal_ghee,Rotana,Rotana animal ghee 700 g,سمن حيواني روتانا 700 غم,700,g,tin,unknown,no,low,https://www.carrefouregypt.com/mafegy/ar/c/FEGY1760400,"Egyptian brand listed by Carrefour Egypt; Egyptian goods reach Gaza via Rafah/Kerem Shalom, Gaza availability not confirmed"
animal_ghee,Rotana,Rotana animal ghee 1400 g,سمن حيواني روتانا 1400 غم,1400,g,tin,unknown,no,low,https://www.carrefouregypt.com/mafegy/ar/c/FEGY1760400,"Egyptian brand listed by Carrefour Egypt; Egyptian goods reach Gaza via Rafah/Kerem Shalom, Gaza availability not confirmed"
vegetable_ghee,Ganna,Ganna vegetable ghee 700 g,سمن نباتي جنة 700 غم,700,g,tin,unknown,no,low,https://www.carrefouregypt.com/mafegy/ar/c/FEGY1760400,"Egyptian brand listed by Carrefour Egypt; Egyptian goods reach Gaza via Rafah/Kerem Shalom, Gaza availability not confirmed"
vegetable_ghee,Rawaby,Rawaby ghee with cream 700 g,سمن روابي بالقشطة 700 غم,700,g,tin,Egypt,no,low,https://www.carrefouregypt.com/mafegy/ar/c/FEGY1760400,"Egyptian brand listed by Carrefour Egypt; Egyptian goods reach Gaza via Rafah/Kerem Shalom, Gaza availability not confirmed"
halawa,El Rashidi El Mizan,El Rashidi El Mizan plain halawa 120 g,حلاوة سادة الرشيدي الميزان 120 جم,120,g,tub,Egypt,no,medium,https://www.carrefouregypt.com/mafegy/ar/c/FEGY1700103,"Egyptian brand listed by Carrefour Egypt; Egyptian goods reach Gaza via Rafah/Kerem Shalom, Gaza availability not confirmed"
halawa,El Rashidi El Mizan,El Rashidi El Mizan plain halawa 230 g,حلاوة سادة الرشيدي الميزان 230 جم,230,g,tub,Egypt,no,medium,https://www.carrefouregypt.com/mafegy/ar/c/FEGY1700103,"Egyptian brand listed by Carrefour Egypt; Egyptian goods reach Gaza via Rafah/Kerem Shalom, Gaza availability not confirmed"
halawa,El Rashidi El Mizan,El Rashidi El Mizan plain halawa 510 g,حلاوة سادة الرشيدي الميزان 510 جم,510,g,tub,Egypt,no,medium,https://www.carrefouregypt.com/mafegy/ar/c/FEGY1700103,"Egyptian brand listed by Carrefour Egypt; Egyptian goods reach Gaza via Rafah/Kerem Shalom, Gaza availability not confirmed"
halawa,El Rashidi El Mizan,El Rashidi El Mizan plain halawa 700 g,حلاوة سادة الرشيدي الميزان 700 جم,700,g,tub,Egypt,no,medium,https://www.carrefouregypt.com/mafegy/ar/c/FEGY1700103,"Egyptian brand listed by Carrefour Egypt; Egyptian goods reach Gaza via Rafah/Kerem Shalom, Gaza availability not confirmed"
halawa,El Rashidi El Mizan,El Rashidi El Mizan plain halawa 900 g,حلاوة سادة الرشيدي الميزان 900 جم,900,g,tub,Egypt,no,medium,https://www.carrefouregypt.com/mafegy/ar/c/FEGY1700103,"Egyptian brand listed by Carrefour Egypt; Egyptian goods reach Gaza via Rafah/Kerem Shalom, Gaza availability not confirmed"
halawa,El Rashidi El Mizan,El Rashidi El Mizan hazelnut halawa 230 g,حلاوة بالبندق الرشيدي الميزان 230 جم,230,g,tub,Egypt,no,medium,https://www.carrefouregypt.com/mafegy/ar/c/FEGY1700103,"Egyptian brand listed by Carrefour Egypt; Egyptian goods reach Gaza via Rafah/Kerem Shalom, Gaza availability not confirmed"
halawa,El Rashidi El Mizan,El Rashidi El Mizan almond halawa 230 g,حلاوة باللوز الرشيدي الميزان 230 جم,230,g,tub,Egypt,no,medium,https://www.carrefouregypt.com/mafegy/ar/c/FEGY1700103,"Egyptian brand listed by Carrefour Egypt; Egyptian goods reach Gaza via Rafah/Kerem Shalom, Gaza availability not confirmed"
halawa,El Rashidi El Mizan,El Rashidi El Mizan chocolate halawa 700 g,حلاوة بالشوكولاتة الرشيدي الميزان 700 جم,700,g,tub,Egypt,no,low,https://www.carrefouregypt.com/mafegy/ar/c/FEGY1700103,"Egyptian brand listed by Carrefour Egypt; Egyptian goods reach Gaza via Rafah/Kerem Shalom, Gaza availability not confirmed; size not on current Carrefour listing"
halawa,El Bawadi,El Bawadi plain halawa 130 g,حلاوة سادة البوادي 130 جم,130,g,tub,Egypt,no,low,https://www.carrefouregypt.com/mafegy/ar/c/FEGY1700103,"Egyptian brand listed by Carrefour Egypt; Egyptian goods reach Gaza via Rafah/Kerem Shalom, Gaza availability not confirmed"
halawa,El Bawadi,El Bawadi plain halawa 275 g,حلاوة سادة البوادي 275 جم,275,g,tub,Egypt,no,low,https://www.carrefouregypt.com/mafegy/ar/c/FEGY1700103,"Egyptian brand listed by Carrefour Egypt; Egyptian goods reach Gaza via Rafah/Kerem Shalom, Gaza availability not confirmed"
halawa,El Bawadi,El Bawadi plain halawa 745 g,حلاوة سادة البوادي 745 جم,745,g,tub,Egypt,no,low,https://www.carrefouregypt.com/mafegy/ar/c/FEGY1700103,"Egyptian brand listed by Carrefour Egypt; Egyptian goods reach Gaza via Rafah/Kerem Shalom, Gaza availability not confirmed"
halawa,El Bawadi,El Bawadi plain halawa 970 g,حلاوة سادة البوادي 970 جم,970,g,tub,Egypt,no,low,https://www.carrefouregypt.com/mafegy/ar/c/FEGY1700103,"Egyptian brand listed by Carrefour Egypt; Egyptian goods reach Gaza via Rafah/Kerem Shalom, Gaza availability not confirmed"
halawa,El Bawadi,El Bawadi chocolate halawa 760 g,حلاوة بالشوكولاتة البوادي 760 جم,760,g,tub,Egypt,no,low,https://www.carrefouregypt.com/mafegy/ar/c/FEGY1700103,"Egyptian brand listed by Carrefour Egypt; Egyptian goods reach Gaza via Rafah/Kerem Shalom, Gaza availability not confirmed"
halawa,El Bawadi,El Bawadi sesame halawa 570 g,حلاوة بالسمسم البوادي 570 جم,570,g,tub,Egypt,no,low,https://www.carrefouregypt.com/mafegy/ar/c/FEGY1700103,"Egyptian brand listed by Carrefour Egypt; Egyptian goods reach Gaza via Rafah/Kerem Shalom, Gaza availability not confirmed"
halawa,Halwani,Halwani plain halawa 575 g,حلاوة سادة حلواني 575 جم,575,g,tub,Egypt,no,low,https://www.carrefouregypt.com/mafegy/ar/c/FEGY1700103,"Egyptian brand listed by Carrefour Egypt; Egyptian goods reach Gaza via Rafah/Kerem Shalom, Gaza availability not confirmed"
halawa,Halwani,Halwani plain halawa 1000 g,حلاوة سادة حلواني 1000 جم,1000,g,tub,Egypt,no,low,https://www.carrefouregypt.com/mafegy/ar/c/FEGY1700103,"Egyptian brand listed by Carrefour Egypt; Egyptian goods reach Gaza via Rafah/Kerem Shalom, Gaza availability not confirmed"
halawa,Halwani,Halwani plain sesame halawa 275 g,حلاوة سمسم سادة حلواني 275 جم,275,g,tub,Egypt,no,low,https://www.carrefouregypt.com/mafegy/ar/c/FEGY1700103,"Egyptian brand listed by Carrefour Egypt; Egyptian goods reach Gaza via Rafah/Kerem Shalom, Gaza availability not confirmed"
halawa,Halwani,Halwani chocolate halawa 275 g,حلاوة بالشوكولاتة حلواني 275 جم,275,g,tub,Egypt,no,low,https://www.carrefouregypt.com/mafegy/ar/c/FEGY1700103,"Egyptian brand listed by Carrefour Egypt; Egyptian goods reach Gaza via Rafah/Kerem Shalom, Gaza availability not confirmed"
halawa,Halwani,Halwani chocolate halawa 575 g,حلاوة بالشوكولاتة حلواني 575 جم,575,g,tub,Egypt,no,low,https://www.carrefouregypt.com/mafegy/ar/c/FEGY1700103,"Egyptian brand listed by Carrefour Egypt; Egyptian goods reach Gaza via Rafah/Kerem Shalom, Gaza availability not confirmed"
halawa,Arabesque,Arabesque plain halawa 900 g,حلاوة سادة أرابيسك 900 جم,900,g,tub,unknown,no,low,https://www.carrefouregypt.com/mafegy/ar/c/FEGY1700103,"Egyptian brand listed by Carrefour Egypt; Egyptian goods reach Gaza via Rafah/Kerem Shalom, Gaza availability not confirmed"
halawa,Gold,Gold sesame halawa 500 g,حلاوة سمسم جولد 500 جم,500,g,tub,unknown,no,low,https://www.carrefouregypt.com/mafegy/ar/c/FEGY1700103,"Egyptian brand listed by Carrefour Egypt; Egyptian goods reach Gaza via Rafah/Kerem Shalom, Gaza availability not confirmed"
halawa,Gold,Gold sesame halawa 900 g,حلاوة سمسم جولد 900 جم,900,g,tub,unknown,no,low,https://www.carrefouregypt.com/mafegy/ar/c/FEGY1700103,"Egyptian brand listed by Carrefour Egypt; Egyptian goods reach Gaza via Rafah/Kerem Shalom, Gaza availability not confirmed"
halawa,Don Lopez,Don Lopez sesame halawa 535 g,حلاوة سمسم دون لوبيز 535 جم,535,g,tub,unknown,no,low,https://www.carrefouregypt.com/mafegy/ar/c/FEGY1700103,"Egyptian brand listed by Carrefour Egypt; Egyptian goods reach Gaza via Rafah/Kerem Shalom, Gaza availability not confirmed"
halawa,Don Lopez,Don Lopez sesame halawa 750 g,حلاوة سمسم دون لوبيز 750 جم,750,g,tub,unknown,no,low,https://www.carrefouregypt.com/mafegy/ar/c/FEGY1700103,"Egyptian brand listed by Carrefour Egypt; Egyptian goods reach Gaza via Rafah/Kerem Shalom, Gaza availability not confirmed"
halawa,El Rashidi El Mizan,El Rashidi El Mizan halawa bar 32 g,بار حلاوة الرشيدي الميزان 32 جم,32,g,piece,Egypt,no,medium,https://www.carrefouregypt.com/mafegy/ar/c/FEGY1700103,"Egyptian brand listed by Carrefour Egypt; Egyptian goods reach Gaza via Rafah/Kerem Shalom, Gaza availability not confirmed; single-serve bar"
halawa,El Bawadi,El Bawadi chocolate halawa bar 19 g,بار حلاوة بالشوكولاتة البوادي 19 جم,19,g,piece,Egypt,no,low,https://www.carrefouregypt.com/mafegy/ar/c/FEGY1700103,"Egyptian brand listed by Carrefour Egypt; Egyptian goods reach Gaza via Rafah/Kerem Shalom, Gaza availability not confirmed"
halawa,Arabesque,Arabesque halawa bar 30 g,بار حلاوة أرابيسك 30 جم,30,g,piece,unknown,no,low,https://www.carrefouregypt.com/mafegy/ar/c/FEGY1700103,"Egyptian brand listed by Carrefour Egypt; Egyptian goods reach Gaza via Rafah/Kerem Shalom, Gaza availability not confirmed"
tahini,El Rashidi El Mizan,El Rashidi El Mizan tahina 450 g,طحينة الرشيدي الميزان 450 جم,450,g,jar,Egypt,no,medium,https://www.carrefouregypt.com/mafegy/ar/tahini/el-mizan-tahina-450g/p/17570,"Egyptian brand listed by Carrefour Egypt; Egyptian goods reach Gaza via Rafah/Kerem Shalom, Gaza availability not confirmed"
tahini,El Rashidi El Mizan,El Rashidi El Mizan tahina 700 g,طحينة الرشيدي الميزان 700 جم,700,g,jar,Egypt,no,medium,https://www.carrefouregypt.com/mafegy/ar/tahini/el-mizan-tahina-700g/p/488194,"Egyptian brand listed by Carrefour Egypt; Egyptian goods reach Gaza via Rafah/Kerem Shalom, Gaza availability not confirmed"
jam,Vitrac,Vitrac fig jam 20 g,مربى تين فيتراك 20 جم,20,g,tub,Egypt,no,medium,https://www.carrefouregypt.com/mafegy/ar/c/FEGY1700305,"Egyptian brand listed by Carrefour Egypt; Egyptian goods reach Gaza via Rafah/Kerem Shalom, Gaza availability not confirmed"
jam,Vitrac,Vitrac fig jam 100 g,مربى تين فيتراك 100 جم,100,g,jar,Egypt,no,medium,https://www.carrefouregypt.com/mafegy/ar/c/FEGY1700305,"Egyptian brand listed by Carrefour Egypt; Egyptian goods reach Gaza via Rafah/Kerem Shalom, Gaza availability not confirmed"
jam,Vitrac,Vitrac fig jam 230 g,مربى تين فيتراك 230 جم,230,g,jar,Egypt,no,medium,https://www.carrefouregypt.com/mafegy/ar/c/FEGY1700305,"Egyptian brand listed by Carrefour Egypt; Egyptian goods reach Gaza via Rafah/Kerem Shalom, Gaza availability not confirmed"
jam,Vitrac,Vitrac fig jam 430 g,مربى تين فيتراك 430 جم,430,g,jar,Egypt,no,medium,https://www.carrefouregypt.com/mafegy/ar/c/FEGY1700305,"Egyptian brand listed by Carrefour Egypt; Egyptian goods reach Gaza via Rafah/Kerem Shalom, Gaza availability not confirmed"
jam,Vitrac,Vitrac fig jam 850 g,مربى تين فيتراك 850 جم,850,g,jar,Egypt,no,medium,https://www.carrefouregypt.com/mafegy/ar/c/FEGY1700305,"Egyptian brand listed by Carrefour Egypt; Egyptian goods reach Gaza via Rafah/Kerem Shalom, Gaza availability not confirmed"
jam,Vitrac,Vitrac black cherry jam 430 g,مربى كرز أسود فيتراك 430 جم,430,g,jar,Egypt,no,medium,https://www.carrefouregypt.com/mafegy/ar/c/FEGY1700305,"Egyptian brand listed by Carrefour Egypt; Egyptian goods reach Gaza via Rafah/Kerem Shalom, Gaza availability not confirmed"
jam,Vitrac,Vitrac carrot jam 430 g,مربى جزر فيتراك 430 جم,430,g,jar,Egypt,no,medium,https://www.carrefouregypt.com/mafegy/ar/c/FEGY1700305,"Egyptian brand listed by Carrefour Egypt; Egyptian goods reach Gaza via Rafah/Kerem Shalom, Gaza availability not confirmed"
jam,Vitrac,Vitrac bitter orange jam 430 g,مربى نارنج فيتراك 430 جم,430,g,jar,Egypt,no,medium,https://www.carrefouregypt.com/mafegy/ar/c/FEGY1700305,"Egyptian brand listed by Carrefour Egypt; Egyptian goods reach Gaza via Rafah/Kerem Shalom, Gaza availability not confirmed"
jam,Vitrac,Vitrac mango jam 430 g,مربى مانجو فيتراك 430 جم,430,g,jar,Egypt,no,medium,https://www.carrefouregypt.com/mafegy/ar/c/FEGY1700305,"Egyptian brand listed by Carrefour Egypt; Egyptian goods reach Gaza via Rafah/Kerem Shalom, Gaza availability not confirmed"
jam,Vitrac,Vitrac blueberry jam 430 g,مربى توت أزرق فيتراك 430 جم,430,g,jar,Egypt,no,medium,https://www.carrefouregypt.com/mafegy/ar/c/FEGY1700305,"Egyptian brand listed by Carrefour Egypt; Egyptian goods reach Gaza via Rafah/Kerem Shalom, Gaza availability not confirmed"
jam,El Bawadi,El Bawadi fig jam 190 g,مربى تين البوادي 190 جم,190,g,jar,Egypt,no,low,https://www.carrefouregypt.com/mafegy/ar/c/FEGY1700305,"Egyptian brand listed by Carrefour Egypt; Egyptian goods reach Gaza via Rafah/Kerem Shalom, Gaza availability not confirmed"
jam,El Bawadi,El Bawadi fig jam 350 g,مربى تين البوادي 350 جم,350,g,jar,Egypt,no,low,https://www.carrefouregypt.com/mafegy/ar/c/FEGY1700305,"Egyptian brand listed by Carrefour Egypt; Egyptian goods reach Gaza via Rafah/Kerem Shalom, Gaza availability not confirmed"
jam,El Bawadi,El Bawadi fig jam 650 g,مربى تين البوادي 650 جم,650,g,jar,Egypt,no,low,https://www.carrefouregypt.com/mafegy/ar/c/FEGY1700305,"Egyptian brand listed by Carrefour Egypt; Egyptian goods reach Gaza via Rafah/Kerem Shalom, Gaza availability not confirmed"
jam,El Rashidi El Mizan,El Mizan fig jam 340 g,مربى تين الميزان 340 جم,340,g,jar,Egypt,no,low,https://www.carrefouregypt.com/mafegy/ar/c/FEGY1700305,"Egyptian brand listed by Carrefour Egypt; Egyptian goods reach Gaza via Rafah/Kerem Shalom, Gaza availability not confirmed"
jam,El Rashidi El Mizan,El Mizan fig jam 700 g,مربى تين الميزان 700 جم,700,g,jar,Egypt,no,low,https://www.carrefouregypt.com/mafegy/ar/c/FEGY1700305,"Egyptian brand listed by Carrefour Egypt; Egyptian goods reach Gaza via Rafah/Kerem Shalom, Gaza availability not confirmed"
jam,Halwani,Halwani fig jam 340 g,مربى تين حلواني 340 جم,340,g,jar,Egypt,no,low,https://www.carrefouregypt.com/mafegy/ar/c/FEGY1700305,"Egyptian brand listed by Carrefour Egypt; Egyptian goods reach Gaza via Rafah/Kerem Shalom, Gaza availability not confirmed"
jam,Halwani,Halwani fig jam 700 g,مربى تين حلواني 700 جم,700,g,jar,Egypt,no,low,https://www.carrefouregypt.com/mafegy/ar/c/FEGY1700305,"Egyptian brand listed by Carrefour Egypt; Egyptian goods reach Gaza via Rafah/Kerem Shalom, Gaza availability not confirmed"
jam,Ranvito,Ranvito fig jam 340 g,مربى تين رانفيتو 340 جم,340,g,jar,unknown,no,low,https://www.carrefouregypt.com/mafegy/ar/c/FEGY1700305,"Egyptian brand listed by Carrefour Egypt; Egyptian goods reach Gaza via Rafah/Kerem Shalom, Gaza availability not confirmed"
jam,Ranvito,Ranvito orange and carrot jam 340 g,مربى برتقال وجزر رانفيتو 340 جم,340,g,jar,unknown,no,low,https://www.carrefouregypt.com/mafegy/ar/c/FEGY1700305,"Egyptian brand listed by Carrefour Egypt; Egyptian goods reach Gaza via Rafah/Kerem Shalom, Gaza availability not confirmed"
jam,Ranvito,Ranvito mixed fruit jam 340 g,مربى مشكل رانفيتو 340 جم,340,g,jar,unknown,no,low,https://www.carrefouregypt.com/mafegy/ar/c/FEGY1700305,"Egyptian brand listed by Carrefour Egypt; Egyptian goods reach Gaza via Rafah/Kerem Shalom, Gaza availability not confirmed"
jam,Hero,Hero fig jam portion 28 g,مربى تين هيرو 28 جم,28,g,tub,Switzerland,no,low,https://www.carrefouregypt.com/mafegy/ar/c/FEGY1700305,"Egyptian brand listed by Carrefour Egypt; Egyptian goods reach Gaza via Rafah/Kerem Shalom, Gaza availability not confirmed; Hero 28.3 g portion"
jam,Hero,Hero black cherry jam portion 28 g,مربى كرز أسود هيرو 28 جم,28,g,tub,Switzerland,no,low,https://www.carrefouregypt.com/mafegy/ar/c/FEGY1700305,"Egyptian brand listed by Carrefour Egypt; Egyptian goods reach Gaza via Rafah/Kerem Shalom, Gaza availability not confirmed; Hero 28.3 g portion"
honey,Maram,Maram spring blossom honey 450 g,عسل نحل زهور الربيع مرام 450 جم,450,g,jar,Egypt,no,low,https://www.carrefouregypt.com/mafegy/ar/c/FEGY1200430,"Egyptian brand listed by Carrefour Egypt; Egyptian goods reach Gaza via Rafah/Kerem Shalom, Gaza availability not confirmed"
honey,Maram,Maram spring blossom honey 900 g,عسل نحل زهور الربيع مرام 900 جم,900,g,jar,Egypt,no,low,https://www.carrefouregypt.com/mafegy/ar/c/FEGY1200430,"Egyptian brand listed by Carrefour Egypt; Egyptian goods reach Gaza via Rafah/Kerem Shalom, Gaza availability not confirmed"
honey,Maram,Maram clover honey 450 g,عسل زهور البرسيم مرام 450 جم,450,g,jar,Egypt,no,low,https://www.carrefouregypt.com/mafegy/ar/c/FEGY1200430,"Egyptian brand listed by Carrefour Egypt; Egyptian goods reach Gaza via Rafah/Kerem Shalom, Gaza availability not confirmed"
honey,Imtenan,Imtenan raw mountain honey 500 g,عسل امتنان الأبيض الجبلي 500 جم,500,g,jar,Egypt,no,low,https://www.carrefouregypt.com/mafegy/ar/c/FEGY1200430,"Egyptian brand listed by Carrefour Egypt; Egyptian goods reach Gaza via Rafah/Kerem Shalom, Gaza availability not confirmed"
honey,Langnese,Langnese honey 125 g,عسل لانجنيز 125 جم,125,g,jar,Germany,no,low,https://www.carrefouregypt.com/mafegy/ar/c/FEGY1200430,German brand listed in Egypt; 500 g also sold in Hebron
honey,Langnese,Langnese honey 250 g,عسل لانجنيز 250 جم,250,g,jar,Germany,no,low,https://www.carrefouregypt.com/mafegy/ar/c/FEGY1200430,German brand listed in Egypt; 500 g also sold in Hebron
honey,Langnese,Langnese honey portion 20 g,عسل لانجنيز 20 جم,20,g,sachet,Germany,no,low,https://www.carrefouregypt.com/mafegy/ar/c/FEGY1200430,single portion
ketchup,Heinz,Heinz tomato ketchup 195 g,كاتشب هاينز 195 جم,195,g,bottle,Egypt,no,medium,https://www.carrefouregypt.com/mafegy/ar/c/FEGY1750100,"Egyptian brand listed by Carrefour Egypt; Egyptian goods reach Gaza via Rafah/Kerem Shalom, Gaza availability not confirmed"
ketchup,Heinz,Heinz tomato ketchup 295 g,كاتشب هاينز 295 جم,295,g,bottle,Egypt,no,medium,https://www.carrefouregypt.com/mafegy/ar/c/FEGY1750100,"Egyptian brand listed by Carrefour Egypt; Egyptian goods reach Gaza via Rafah/Kerem Shalom, Gaza availability not confirmed"
ketchup,Heinz,Heinz tomato ketchup 505 g,كاتشب هاينز 505 جم,505,g,bottle,Egypt,no,medium,https://www.carrefouregypt.com/mafegy/ar/c/FEGY1750100,"Egyptian brand listed by Carrefour Egypt; Egyptian goods reach Gaza via Rafah/Kerem Shalom, Gaza availability not confirmed"
ketchup,Heinz,Heinz hot ketchup 200 g,كاتشب حار هاينز 200 جم,200,g,bottle,Egypt,no,low,https://www.carrefouregypt.com/mafegy/ar/c/FEGY1750100,"Egyptian brand listed by Carrefour Egypt; Egyptian goods reach Gaza via Rafah/Kerem Shalom, Gaza availability not confirmed"
mayonnaise,Heinz,Heinz mayonnaise 285 g,مايونيز هاينز 285 جم,285,g,jar,Egypt,no,medium,https://www.carrefouregypt.com/mafegy/ar/c/FEGY1750100,"Egyptian brand listed by Carrefour Egypt; Egyptian goods reach Gaza via Rafah/Kerem Shalom, Gaza availability not confirmed"
mayonnaise,Heinz,Heinz mayonnaise 310 g,مايونيز هاينز 310 جم,310,g,jar,Egypt,no,medium,https://www.carrefouregypt.com/mafegy/ar/c/FEGY1750100,"Egyptian brand listed by Carrefour Egypt; Egyptian goods reach Gaza via Rafah/Kerem Shalom, Gaza availability not confirmed"
mayonnaise,Heinz,Heinz light mayonnaise 310 g,مايونيز لايت هاينز 310 جم,310,g,jar,Egypt,no,low,https://www.carrefouregypt.com/mafegy/ar/c/FEGY1750100,"Egyptian brand listed by Carrefour Egypt; Egyptian goods reach Gaza via Rafah/Kerem Shalom, Gaza availability not confirmed"
mustard,Heinz,Heinz mustard 235 g,مسطردة هاينز 235 جم,235,g,bottle,Egypt,no,low,https://www.carrefouregypt.com/mafegy/ar/c/FEGY1750100,"Egyptian brand listed by Carrefour Egypt; Egyptian goods reach Gaza via Rafah/Kerem Shalom, Gaza availability not confirmed"
hot_sauce,Heinz,Heinz chilli sauce 195 g,صوص شطة هاينز 195 جم,195,g,bottle,Egypt,no,low,https://www.carrefouregypt.com/mafegy/ar/c/FEGY1750100,"Egyptian brand listed by Carrefour Egypt; Egyptian goods reach Gaza via Rafah/Kerem Shalom, Gaza availability not confirmed"
ketchup,Durra,Durra ketchup 500 g,كاتشب درة 500 جم,500,g,bottle,Jordan,no,low,https://www.carrefouregypt.com/mafegy/ar/c/FEGY1750100,"Egyptian brand listed by Carrefour Egypt; Egyptian goods reach Gaza via Rafah/Kerem Shalom, Gaza availability not confirmed"
ketchup,Durra,Durra hot ketchup 250 g,كاتشب حار درة 250 جم,250,g,bottle,Jordan,no,low,https://www.carrefouregypt.com/mafegy/ar/c/FEGY1750100,"Egyptian brand listed by Carrefour Egypt; Egyptian goods reach Gaza via Rafah/Kerem Shalom, Gaza availability not confirmed"
mayonnaise,Durra,Durra mayo sauce 380 g,صوص مايونيز درة 380 جم,380,g,jar,Jordan,no,low,https://www.carrefouregypt.com/mafegy/ar/c/FEGY1750100,"Egyptian brand listed by Carrefour Egypt; Egyptian goods reach Gaza via Rafah/Kerem Shalom, Gaza availability not confirmed; size not on current Carrefour listing"
mustard,Durra,Durra mustard 275 g,مسطردة درة 275 جم,275,g,bottle,Jordan,no,low,https://www.carrefouregypt.com/mafegy/ar/c/FEGY1750100,"Egyptian brand listed by Carrefour Egypt; Egyptian goods reach Gaza via Rafah/Kerem Shalom, Gaza availability not confirmed"
mayonnaise,Ilou,Ilou classic mayonnaise 200 g,مايونيز كلاسيك إيلو 200 جم,200,g,jar,unknown,no,low,https://www.carrefouregypt.com/mafegy/ar/c/FEGY1750100,"Egyptian brand listed by Carrefour Egypt; Egyptian goods reach Gaza via Rafah/Kerem Shalom, Gaza availability not confirmed"
mayonnaise,Ilou,Ilou classic mayonnaise 400 g,مايونيز كلاسيك إيلو 400 جم,400,g,jar,unknown,no,low,https://www.carrefouregypt.com/mafegy/ar/c/FEGY1750100,"Egyptian brand listed by Carrefour Egypt; Egyptian goods reach Gaza via Rafah/Kerem Shalom, Gaza availability not confirmed"
ketchup,Ilou,Ilou ketchup 200 g,كاتشب إيلو 200 جم,200,g,bottle,unknown,no,low,https://www.carrefouregypt.com/mafegy/ar/c/FEGY1750100,"Egyptian brand listed by Carrefour Egypt; Egyptian goods reach Gaza via Rafah/Kerem Shalom, Gaza availability not confirmed"
ketchup,Ilou,Ilou hot ketchup 400 g,كاتشب حار إيلو 400 جم,400,g,bottle,unknown,no,low,https://www.carrefouregypt.com/mafegy/ar/c/FEGY1750100,"Egyptian brand listed by Carrefour Egypt; Egyptian goods reach Gaza via Rafah/Kerem Shalom, Gaza availability not confirmed"
mayonnaise,MC,MC original mayonnaise 300 g,مايونيز إم سي 300 جم,300,g,jar,unknown,no,low,https://www.carrefouregypt.com/mafegy/ar/c/FEGY1750100,"Egyptian brand listed by Carrefour Egypt; Egyptian goods reach Gaza via Rafah/Kerem Shalom, Gaza availability not confirmed"
ketchup,MC,MC tomato ketchup 265 g,كاتشب إم سي 265 جم,265,g,bottle,unknown,no,low,https://www.carrefouregypt.com/mafegy/ar/c/FEGY1750100,"Egyptian brand listed by Carrefour Egypt; Egyptian goods reach Gaza via Rafah/Kerem Shalom, Gaza availability not confirmed"
ketchup,Giardino,Giardino ketchup catering tub 5000 g,كاتشب جاردينو 5000 جم,5000,g,tub,unknown,no,low,https://www.carrefouregypt.com/mafegy/ar/c/FEGY1750100,"Egyptian brand listed by Carrefour Egypt; Egyptian goods reach Gaza via Rafah/Kerem Shalom, Gaza availability not confirmed"
mayonnaise,Giardino,Giardino mayonnaise catering tub 3200 g,مايونيز جاردينو 3200 جم,3200,g,tub,unknown,no,low,https://www.carrefouregypt.com/mafegy/ar/c/FEGY1750100,"Egyptian brand listed by Carrefour Egypt; Egyptian goods reach Gaza via Rafah/Kerem Shalom, Gaza availability not confirmed"
hot_sauce,Hafsa,Hafsa hot sauce 180 ml,صوص حار حفصة 180 مل,180,ml,bottle,unknown,no,low,https://www.carrefouregypt.com/mafegy/ar/c/FEGY1750100,"Egyptian brand listed by Carrefour Egypt; Egyptian goods reach Gaza via Rafah/Kerem Shalom, Gaza availability not confirmed"
bouillon_cube,Knorr,"Knorr chicken bouillon cubes, 24 cubes",مرقة دجاج مكعبات كنور 24 مكعب,24,piece,box,Egypt,no,medium,https://www.carrefouregypt.com/mafegy/ar/c/FEGY1760600,"Egyptian brand listed by Carrefour Egypt; Egyptian goods reach Gaza via Rafah/Kerem Shalom, Gaza availability not confirmed; 216 g box"
bouillon_cube,Knorr,"Knorr chicken bouillon cubes, 8 cubes",مرقة دجاج مكعبات كنور 8 مكعب,8,piece,box,Egypt,no,medium,https://www.carrefouregypt.com/mafegy/ar/c/FEGY1760600,"Egyptian brand listed by Carrefour Egypt; Egyptian goods reach Gaza via Rafah/Kerem Shalom, Gaza availability not confirmed; 72 g box"
bouillon_cube,Knorr,"Knorr vegetable bouillon cubes, 12 cubes",مرقة خضار مكعبات كنور 12 مكعب,12,piece,box,Egypt,no,low,https://www.carrefouregypt.com/mafegy/ar/c/FEGY1760600,"Egyptian brand listed by Carrefour Egypt; Egyptian goods reach Gaza via Rafah/Kerem Shalom, Gaza availability not confirmed; 108 g box"
bouillon_cube,Knorr,"Knorr vegetable bouillon cubes, 8 cubes",مرقة خضار مكعبات كنور 8 مكعب,8,piece,box,Egypt,no,low,https://www.carrefouregypt.com/mafegy/ar/c/FEGY1760600,"Egyptian brand listed by Carrefour Egypt; Egyptian goods reach Gaza via Rafah/Kerem Shalom, Gaza availability not confirmed"
bouillon_cube,Knorr,"Knorr beef bouillon cubes, 12 cubes",مرقة لحم مكعبات كنور 12 مكعب,12,piece,box,Egypt,no,low,https://www.carrefouregypt.com/mafegy/ar/c/FEGY1760600,"Egyptian brand listed by Carrefour Egypt; Egyptian goods reach Gaza via Rafah/Kerem Shalom, Gaza availability not confirmed; 108 g box"
bouillon_cube,Maggi,"Maggi chicken bouillon cubes, 12 cubes",مرقة دجاج مكعبات ماجي 12 مكعب,12,piece,box,Egypt,no,medium,https://www.carrefouregypt.com/mafegy/ar/c/FEGY1760600,"Egyptian brand listed by Carrefour Egypt; Egyptian goods reach Gaza via Rafah/Kerem Shalom, Gaza availability not confirmed; 108 g box"
bouillon_cube,Maggi,"Maggi chicken bouillon cubes, 8 cubes",مرقة دجاج مكعبات ماجي 8 مكعب,8,piece,box,Egypt,no,medium,https://www.carrefouregypt.com/mafegy/ar/c/FEGY1760600,"Egyptian brand listed by Carrefour Egypt; Egyptian goods reach Gaza via Rafah/Kerem Shalom, Gaza availability not confirmed; 72 g box"
bouillon_cube,Maggi,"Maggi vegetable bouillon cubes, 12 cubes",مرقة خضار مكعبات ماجي 12 مكعب,12,piece,box,Egypt,no,low,https://www.carrefouregypt.com/mafegy/ar/c/FEGY1760600,"Egyptian brand listed by Carrefour Egypt; Egyptian goods reach Gaza via Rafah/Kerem Shalom, Gaza availability not confirmed; 108 g box"
stock_powder,Knorr,Knorr chicken stock powder sachet 16 g,كنور مرقة دجاج بودرة 16 جم,16,g,sachet,Egypt,no,low,https://www.carrefouregypt.com/mafegy/ar/c/FEGY1760600,"Egyptian brand listed by Carrefour Egypt; Egyptian goods reach Gaza via Rafah/Kerem Shalom, Gaza availability not confirmed"
stock_powder,Rehana,Rehana chicken-flavoured powder 100 g,ريحانة بودرة بنكهة الدجاج 100 جم,100,g,bag,Egypt,no,low,https://www.carrefouregypt.com/mafegy/ar/c/FEGY1760600,"Egyptian brand listed by Carrefour Egypt; Egyptian goods reach Gaza via Rafah/Kerem Shalom, Gaza availability not confirmed"
stock_powder,Calnort,Calnort chicken bouillon 250 g,كالنورت مرقة دجاج 250 جم,250,g,jar,Egypt,no,low,https://www.carrefouregypt.com/mafegy/ar/c/FEGY1760600,"Egyptian brand listed by Carrefour Egypt; Egyptian goods reach Gaza via Rafah/Kerem Shalom, Gaza availability not confirmed"
cumin,Haj Arafa,Haj Arafa ground cumin 250 g,كمون مطحون الحاج عرفة 250 جم,250,g,bag,Egypt,no,low,https://www.carrefouregypt.com/mafegy/ar/c/FEGY1760300,"Egyptian brand listed by Carrefour Egypt; Egyptian goods reach Gaza via Rafah/Kerem Shalom, Gaza availability not confirmed"
black_pepper,Haj Arafa,Haj Arafa ground black pepper 250 g,فلفل أسود مطحون الحاج عرفة 250 جم,250,g,bag,Egypt,no,low,https://www.carrefouregypt.com/mafegy/ar/c/FEGY1760300,"Egyptian brand listed by Carrefour Egypt; Egyptian goods reach Gaza via Rafah/Kerem Shalom, Gaza availability not confirmed"
curry_powder,Haj Arafa,Haj Arafa curry 250 g,كاري الحاج عرفة 250 جم,250,g,bag,Egypt,no,low,https://www.carrefouregypt.com/mafegy/ar/c/FEGY1760300,"Egyptian brand listed by Carrefour Egypt; Egyptian goods reach Gaza via Rafah/Kerem Shalom, Gaza availability not confirmed"
cinnamon,Haj Arafa,Haj Arafa cinnamon powder 250 g,قرفة مطحونة الحاج عرفة 250 جم,250,g,bag,Egypt,no,low,https://www.carrefouregypt.com/mafegy/ar/c/FEGY1760300,"Egyptian brand listed by Carrefour Egypt; Egyptian goods reach Gaza via Rafah/Kerem Shalom, Gaza availability not confirmed"
black_seed,Haj Arafa,Haj Arafa black seeds 250 g,حبة البركة الحاج عرفة 250 جم,250,g,bag,Egypt,no,low,https://www.carrefouregypt.com/mafegy/ar/c/FEGY1760300,"Egyptian brand listed by Carrefour Egypt; Egyptian goods reach Gaza via Rafah/Kerem Shalom, Gaza availability not confirmed"
cloves,Haj Arafa,Haj Arafa cloves 250 g,قرنفل الحاج عرفة 250 جم,250,g,bag,Egypt,no,low,https://www.carrefouregypt.com/mafegy/ar/c/FEGY1760300,"Egyptian brand listed by Carrefour Egypt; Egyptian goods reach Gaza via Rafah/Kerem Shalom, Gaza availability not confirmed"
shawarma_spice,Haj Arafa,Haj Arafa shawarma spices 250 g,بهارات شاورما الحاج عرفة 250 جم,250,g,bag,Egypt,no,low,https://www.carrefouregypt.com/mafegy/ar/c/FEGY1760300,"Egyptian brand listed by Carrefour Egypt; Egyptian goods reach Gaza via Rafah/Kerem Shalom, Gaza availability not confirmed"
chicken_spice,Haj Arafa,Haj Arafa chicken spices 250 g,بهارات فراخ الحاج عرفة 250 جم,250,g,bag,Egypt,no,low,https://www.carrefouregypt.com/mafegy/ar/c/FEGY1760300,"Egyptian brand listed by Carrefour Egypt; Egyptian goods reach Gaza via Rafah/Kerem Shalom, Gaza availability not confirmed"
fish_spice,Haj Arafa,Haj Arafa fish spices 250 g,بهارات سمك الحاج عرفة 250 جم,250,g,bag,Egypt,no,low,https://www.carrefouregypt.com/mafegy/ar/c/FEGY1760300,"Egyptian brand listed by Carrefour Egypt; Egyptian goods reach Gaza via Rafah/Kerem Shalom, Gaza availability not confirmed"
seven_spice,Haj Arafa,Haj Arafa 7 spices 250 g,سبع بهارات الحاج عرفة 250 جم,250,g,bag,Egypt,no,low,https://www.carrefouregypt.com/mafegy/ar/c/FEGY1760300,"Egyptian brand listed by Carrefour Egypt; Egyptian goods reach Gaza via Rafah/Kerem Shalom, Gaza availability not confirmed"
sumac,Bab El Sham,Bab El Sham sumac 40 g,سماق باب الشام 40 جم,40,g,jar,unknown,no,low,https://www.carrefouregypt.com/mafegy/ar/c/FEGY1760300,"Egyptian brand listed by Carrefour Egypt; Egyptian goods reach Gaza via Rafah/Kerem Shalom, Gaza availability not confirmed"
cumin,Bab El Sham,Bab El Sham ground cumin 45 g,كمون مطحون باب الشام 45 جم,45,g,jar,unknown,no,low,https://www.carrefouregypt.com/mafegy/ar/c/FEGY1760300,"Egyptian brand listed by Carrefour Egypt; Egyptian goods reach Gaza via Rafah/Kerem Shalom, Gaza availability not confirmed"
paprika,Bab El Sham,Bab El Sham paprika 45 g,بابريكا باب الشام 45 جم,45,g,jar,unknown,no,low,https://www.carrefouregypt.com/mafegy/ar/c/FEGY1760300,"Egyptian brand listed by Carrefour Egypt; Egyptian goods reach Gaza via Rafah/Kerem Shalom, Gaza availability not confirmed"
coriander_dry,Bab El Sham,Bab El Sham ground coriander 45 g,كزبرة مطحونة باب الشام 45 جم,45,g,jar,unknown,no,low,https://www.carrefouregypt.com/mafegy/ar/c/FEGY1760300,"Egyptian brand listed by Carrefour Egypt; Egyptian goods reach Gaza via Rafah/Kerem Shalom, Gaza availability not confirmed"
black_pepper,Bab El Sham,Bab El Sham ground black pepper 45 g,فلفل أسود مطحون باب الشام 45 جم,45,g,jar,unknown,no,low,https://www.carrefouregypt.com/mafegy/ar/c/FEGY1760300,"Egyptian brand listed by Carrefour Egypt; Egyptian goods reach Gaza via Rafah/Kerem Shalom, Gaza availability not confirmed"
seven_spice,Bab El Sham,Bab El Sham 7 spices 40 g,سبع بهارات باب الشام 40 جم,40,g,jar,unknown,no,low,https://www.carrefouregypt.com/mafegy/ar/c/FEGY1760300,"Egyptian brand listed by Carrefour Egypt; Egyptian goods reach Gaza via Rafah/Kerem Shalom, Gaza availability not confirmed"
zaatar,Bab El Sham,Bab El Sham zaatar mahwaj 40 g,زعتر مهوج باب الشام 40 جم,40,g,jar,unknown,no,low,https://www.carrefouregypt.com/mafegy/ar/c/FEGY1760300,"Egyptian brand listed by Carrefour Egypt; Egyptian goods reach Gaza via Rafah/Kerem Shalom, Gaza availability not confirmed"
sumac,Abu Auf,Abu Auf sumac 75 g,سماق أبو عوف 75 جم,75,g,bag,Egypt,no,low,https://www.carrefouregypt.com/mafegy/ar/c/FEGY1760300,"Egyptian brand listed by Carrefour Egypt; Egyptian goods reach Gaza via Rafah/Kerem Shalom, Gaza availability not confirmed"
black_pepper,El Doha,El Doha ground black pepper 100 g,فلفل أسود مطحون الضحى 100 جم,100,g,bag,Egypt,no,low,https://www.carrefouregypt.com/mafegy/ar/c/FEGY1760300,"Egyptian brand listed by Carrefour Egypt; Egyptian goods reach Gaza via Rafah/Kerem Shalom, Gaza availability not confirmed"
pomegranate_molasses,Choice,Choice pomegranate molasses 340 ml,دبس رمان تشويس 340 مل,340,ml,bottle,unknown,no,low,https://www.carrefouregypt.com/mafegy/ar/c/FEGY1760100,"Egyptian brand listed by Carrefour Egypt; Egyptian goods reach Gaza via Rafah/Kerem Shalom, Gaza availability not confirmed"
pomegranate_molasses,Choice,Choice pomegranate molasses 700 ml,دبس رمان تشويس 700 مل,700,ml,bottle,unknown,no,low,https://www.carrefouregypt.com/mafegy/ar/c/FEGY1760100,"Egyptian brand listed by Carrefour Egypt; Egyptian goods reach Gaza via Rafah/Kerem Shalom, Gaza availability not confirmed"
pomegranate_molasses,Yamama,Yamama pomegranate molasses 300 ml,دبس رمان يمامة 300 مل,300,ml,bottle,unknown,no,low,https://www.carrefouregypt.com/mafegy/ar/c/FEGY1760100,"Egyptian brand listed by Carrefour Egypt; Egyptian goods reach Gaza via Rafah/Kerem Shalom, Gaza availability not confirmed"
pomegranate_molasses,Yamama,Yamama pomegranate molasses 500 ml,دبس رمان يمامة 500 مل,500,ml,bottle,unknown,no,low,https://www.carrefouregypt.com/mafegy/ar/c/FEGY1760100,"Egyptian brand listed by Carrefour Egypt; Egyptian goods reach Gaza via Rafah/Kerem Shalom, Gaza availability not confirmed"
pomegranate_molasses,Hafsa,Hafsa pomegranate molasses 375 g,دبس رمان حفصة 375 جم,375,g,bottle,unknown,no,low,https://www.carrefouregypt.com/mafegy/ar/c/FEGY1760100,"Egyptian brand listed by Carrefour Egypt; Egyptian goods reach Gaza via Rafah/Kerem Shalom, Gaza availability not confirmed"
pomegranate_molasses,Toledo,Toledo pomegranate molasses 325 ml,دبس رمان توليدو 325 مل,325,ml,bottle,unknown,no,low,https://www.carrefouregypt.com/mafegy/ar/c/FEGY1760100,"Egyptian brand listed by Carrefour Egypt; Egyptian goods reach Gaza via Rafah/Kerem Shalom, Gaza availability not confirmed"
halawa,Al-Kasih,Al-Kasih extra halawa with pistachio 450 g,حلاوة إكسترا بالفستق الكسيح 450 غم,450,g,tub,Jordan,no,medium,https://3wartani.com/category-i/19682,"Jordanian market listing (Amman); Jordanian goods reach Gaza mainly via aid corridor, Gaza availability not confirmed"
halawa,Al-Kasih,Al-Kasih extra halawa with pistachio 900 g,حلاوة إكسترا بالفستق الكسيح 900 غم,900,g,tub,Jordan,no,medium,https://3wartani.com/category-i/19682,"Jordanian market listing (Amman); Jordanian goods reach Gaza mainly via aid corridor, Gaza availability not confirmed"
halawa,Al-Kasih,Al-Kasih extra halawa with chocolate 450 g,حلاوة إكسترا بالشوكولاتة الكسيح 450 غم,450,g,tub,Jordan,no,medium,https://3wartani.com/category-i/19682,"Jordanian market listing (Amman); Jordanian goods reach Gaza mainly via aid corridor, Gaza availability not confirmed"
halawa,Al-Kasih,Al-Kasih extra halawa with chocolate 900 g,حلاوة إكسترا بالشوكولاتة الكسيح 900 غم,900,g,tub,Jordan,no,medium,https://3wartani.com/category-i/19682,"Jordanian market listing (Amman); Jordanian goods reach Gaza mainly via aid corridor, Gaza availability not confirmed"
halawa,Al-Kasih,Al-Kasih extra halawa with vanilla 450 g,حلاوة إكسترا بالفانيلا الكسيح 450 غم,450,g,tub,Jordan,no,medium,https://3wartani.com/category-i/19682,"Jordanian market listing (Amman); Jordanian goods reach Gaza mainly via aid corridor, Gaza availability not confirmed"
tahini,Al-Kasih,Al-Kasih golden tahini 450 g,طحينة ذهبية الكسيح 450 غم,450,g,jar,Jordan,no,medium,https://3wartani.com/category-i/19682,"Jordanian market listing (Amman); Jordanian goods reach Gaza mainly via aid corridor, Gaza availability not confirmed"
tahini,Al-Kasih,Al-Kasih golden tahini 900 g,طحينة ذهبية الكسيح 900 غم,900,g,jar,Jordan,no,medium,https://3wartani.com/category-i/19682,"Jordanian market listing (Amman); Jordanian goods reach Gaza mainly via aid corridor, Gaza availability not confirmed"
tahini,Al-Kasih,Al-Kasih extra tahini 450 g,طحينة إكسترا الكسيح 450 غم,450,g,jar,Jordan,no,medium,https://3wartani.com/category-i/19682,"Jordanian market listing (Amman); Jordanian goods reach Gaza mainly via aid corridor, Gaza availability not confirmed"
tahini,Al-Kasih,Al-Kasih extra tahini 900 g,طحينة إكسترا الكسيح 900 غم,900,g,jar,Jordan,no,medium,https://3wartani.com/category-i/19682,"Jordanian market listing (Amman); Jordanian goods reach Gaza mainly via aid corridor, Gaza availability not confirmed"
tahini,Al-Beiruti,Al-Beiruti tahini 450 g,طحينة البيروتي 450 غم,450,g,jar,Jordan,no,low,https://3wartani.com/category-i/19682,"Jordanian market listing (Amman); Jordanian goods reach Gaza mainly via aid corridor, Gaza availability not confirmed"
tahini,Al-Beiruti,Al-Beiruti tahini 900 g,طحينة البيروتي 900 غم,900,g,jar,Jordan,no,low,https://3wartani.com/category-i/19682,"Jordanian market listing (Amman); Jordanian goods reach Gaza mainly via aid corridor, Gaza availability not confirmed"
tahini,Al-Basha,Al-Basha golden tahini 500 g,طحينة ذهبية الباشا 500 غم,500,g,jar,Jordan,no,low,https://3wartani.com/category-i/19682,"Jordanian market listing (Amman); Jordanian goods reach Gaza mainly via aid corridor, Gaza availability not confirmed"
tahini,Al-Basha,Al-Basha golden tahini 800 g,طحينة ذهبية الباشا 800 غم,800,g,jar,Jordan,no,low,https://3wartani.com/category-i/19682,"Jordanian market listing (Amman); Jordanian goods reach Gaza mainly via aid corridor, Gaza availability not confirmed"
halawa,Al-Basha,Al-Basha halawa 350 g,حلاوة الباشا 350 غم,350,g,tub,Jordan,no,low,https://3wartani.com/category-i/19682,"Jordanian market listing (Amman); Jordanian goods reach Gaza mainly via aid corridor, Gaza availability not confirmed"
halawa,Al-Basha,Al-Basha halawa 750 g,حلاوة الباشا 750 غم,750,g,tub,Jordan,no,low,https://3wartani.com/category-i/19682,"Jordanian market listing (Amman); Jordanian goods reach Gaza mainly via aid corridor, Gaza availability not confirmed"
tahini,Al-Sorour,Al-Sorour tahini 500 g,طحينة السرور 500 غم,500,g,jar,Jordan,no,low,https://3wartani.com/category-i/19682,"Jordanian market listing (Amman); Jordanian goods reach Gaza mainly via aid corridor, Gaza availability not confirmed"
tahini,Al-Sorour,Al-Sorour tahini 1000 g,طحينة السرور 1000 غم,1000,g,jar,Jordan,no,low,https://3wartani.com/category-i/19682,"Jordanian market listing (Amman); Jordanian goods reach Gaza mainly via aid corridor, Gaza availability not confirmed"
tahini,Toledo,Toledo tahini 250 g,طحينة توليدو 250 غم,250,g,jar,Jordan,no,low,https://3wartani.com/category-i/19682,"Jordanian market listing (Amman); Jordanian goods reach Gaza mainly via aid corridor, Gaza availability not confirmed"
tahini,Toledo,Toledo tahini 800 g,طحينة توليدو 800 غم,800,g,jar,Jordan,no,low,https://3wartani.com/category-i/19682,"Jordanian market listing (Amman); Jordanian goods reach Gaza mainly via aid corridor, Gaza availability not confirmed"
halawa,Toledo,Toledo halawa 250 g,حلاوة توليدو 250 غم,250,g,tub,Jordan,no,low,https://3wartani.com/category-i/19682,"Jordanian market listing (Amman); Jordanian goods reach Gaza mainly via aid corridor, Gaza availability not confirmed"
halawa,Durra,Al-Durra extra halawa 700 g,حلاوة إكسترا الدرة 700 غم,700,g,tub,Jordan,no,low,https://3wartani.com/category-i/19682,"Jordanian market listing (Amman); Jordanian goods reach Gaza mainly via aid corridor, Gaza availability not confirmed"
halawa,Durra,Al-Durra halawa with pistachio 350 g,حلاوة بالفستق الدرة 350 غم,350,g,tub,Jordan,no,low,https://3wartani.com/category-i/19682,"Jordanian market listing (Amman); Jordanian goods reach Gaza mainly via aid corridor, Gaza availability not confirmed"
halawa,Durra,Al-Durra special halawa 500 g,حلاوة سبيشال الدرة 500 غم,500,g,tub,Jordan,no,low,https://3wartani.com/category-i/19682,"Jordanian market listing (Amman); Jordanian goods reach Gaza mainly via aid corridor, Gaza availability not confirmed"
tahini,generic,Sesame tahini (unbranded listing) 250 g,طحينة 250 غم,250,g,jar,Jordan,no,low,https://3wartani.com/category-i/19682,"Jordanian market listing (Amman); Jordanian goods reach Gaza mainly via aid corridor, Gaza availability not confirmed; listing says only Sesame Tahini, brand Simsim not evidenced"
tahini,generic,Sesame tahini (unbranded listing) 400 g,طحينة 400 غم,400,g,jar,Jordan,no,low,https://3wartani.com/category-i/19682,"Jordanian market listing (Amman); Jordanian goods reach Gaza mainly via aid corridor, Gaza availability not confirmed; listing says only Sesame Tahini, brand Simsim not evidenced"
tahini,Kabatilo,Kabatilo tahini 400 g,طحينة كباتيلو 400 غم,400,g,jar,Jordan,no,low,https://3wartani.com/category-i/19682,"Jordanian market listing (Amman); Jordanian goods reach Gaza mainly via aid corridor, Gaza availability not confirmed"
halawa,Kabatilo,Kabatilo pistachio halawa 800 g,حلاوة بالفستق كباتيلو 800 غم,800,g,tub,Jordan,no,low,https://3wartani.com/category-i/19682,"Jordanian market listing (Amman); Jordanian goods reach Gaza mainly via aid corridor, Gaza availability not confirmed"
tahini,Al-Jundi,Al-Jundi tahini 250 g,طحينة الجندي 250 غم,250,g,jar,Jordan,no,low,https://3wartani.com/category-i/19682,"Jordanian market listing (Amman, Al-Jundi / الجندي); not the Hebron Al-Juneidi dairy; Gaza availability not confirmed"
vegetable_ghee,Mazola,Mazola vegetable ghee butter flavour 1.6 L,سمنة نباتية بنكهة الزبدة مازولا 1.6 لتر,1600,ml,tin,Jordan,no,low,https://3wartani.com/category-i/19632,"Jordanian market listing (Amman); Jordanian goods reach Gaza mainly via aid corridor, Gaza availability not confirmed"
vegetable_ghee,Mazola,Mazola vegetable ghee butter flavour 800 ml,سمنة نباتية بنكهة الزبدة مازولا 800 مل,800,ml,tin,Jordan,no,low,https://3wartani.com/category-i/19632,"Jordanian market listing (Amman); Jordanian goods reach Gaza mainly via aid corridor, Gaza availability not confirmed"
vegetable_ghee,Mazola,Mazola vegetable ghee 400 ml,سمنة نباتية مازولا 400 مل,400,ml,tin,Jordan,no,low,https://3wartani.com/category-i/19632,"Jordanian market listing (Amman); Jordanian goods reach Gaza mainly via aid corridor, Gaza availability not confirmed"
vegetable_ghee,Al-Aseel,Al-Aseel vegetable ghee 500 g,سمنة نباتية الأصيل 500 غم,500,g,tin,Jordan,no,low,https://3wartani.com/category-i/19632,"Jordanian market listing (Amman); Jordanian goods reach Gaza mainly via aid corridor, Gaza availability not confirmed"
vegetable_ghee,Al-Aseel,Al-Aseel vegetable ghee 1000 g,سمنة نباتية الأصيل 1000 غم,1000,g,tin,Jordan,no,low,https://3wartani.com/category-i/19632,"Jordanian market listing (Amman); Jordanian goods reach Gaza mainly via aid corridor, Gaza availability not confirmed"
vegetable_ghee,Smnty,"Smnty vegetable ghee, butter flavour 1.1 L",سمنتي سمنة نباتية بنكهة الزبدة 1.1 لتر,1100,ml,tin,Jordan,no,low,https://3wartani.com/category-i/19632,"Jordanian market listing (Amman); Jordanian goods reach Gaza mainly via aid corridor, Gaza availability not confirmed"
vegetable_ghee,Al-Ghazal,Al-Ghazal ghee 1700 g,سمنة الغزال 1700 غم,1700,g,tin,Jordan,no,low,https://3wartani.com/category-i/19632,"Jordanian market listing (Amman); Jordanian goods reach Gaza mainly via aid corridor, Gaza availability not confirmed"
animal_ghee,Al-Marai,Al-Marai pure butter ghee 800 g,سمن بقري المراعي 800 غم,800,g,tin,Jordan,no,low,https://3wartani.com/category-i/19632,"Jordanian market listing (Amman); Jordanian goods reach Gaza mainly via aid corridor, Gaza availability not confirmed"
animal_ghee,Al-Marai,Al-Marai ghee 1.6 L,سمن المراعي 1.6 لتر,1600,ml,tin,Jordan,no,low,https://3wartani.com/category-i/19632,"Jordanian market listing (Amman); Jordanian goods reach Gaza mainly via aid corridor, Gaza availability not confirmed"
animal_ghee,Al-Aseel,Al-Aseel pure animal ghee 1.6 L,سمن حيواني الأصيل 1.6 لتر,1600,ml,tin,Jordan,no,low,https://3wartani.com/category-i/19632,"Jordanian market listing (Amman); Jordanian goods reach Gaza mainly via aid corridor, Gaza availability not confirmed"
animal_ghee,Al-Aseel,Al-Aseel animal ghee 400 ml,سمن حيواني الأصيل 400 مل,400,ml,tin,Jordan,no,low,https://3wartani.com/category-i/19632,"Jordanian market listing (Amman); Jordanian goods reach Gaza mainly via aid corridor, Gaza availability not confirmed"
veg_oil,Afia,Afia sunflower oil 1.5 L,زيت دوار الشمس عافية 1.5 لتر,1500,ml,bottle,Jordan,no,low,https://3wartani.com/category-i/19632,"Jordanian market listing (Amman); Jordanian goods reach Gaza mainly via aid corridor, Gaza availability not confirmed"
veg_oil,Afia,Afia sunflower oil 2.9 L,زيت دوار الشمس عافية 2.9 لتر,2900,ml,bottle,Jordan,no,low,https://3wartani.com/category-i/19632,"Jordanian market listing (Amman); Jordanian goods reach Gaza mainly via aid corridor, Gaza availability not confirmed"
veg_oil,Afia,Afia corn oil 2.9 L,زيت ذرة عافية 2.9 لتر,2900,ml,bottle,Jordan,no,low,https://3wartani.com/category-i/19632,"Jordanian market listing (Amman); Jordanian goods reach Gaza mainly via aid corridor, Gaza availability not confirmed"
veg_oil,Afia,Afia corn oil 5 L,زيت ذرة عافية 5 لتر,5000,ml,bottle,Jordan,no,low,https://3wartani.com/category-i/19632,"Jordanian market listing (Amman); Jordanian goods reach Gaza mainly via aid corridor, Gaza availability not confirmed"
veg_oil,Al-Amer,Al-Amer sunflower oil 4.5 L,زيت دوار الشمس العامر 4.5 لتر,4500,ml,bottle,Jordan,no,low,https://3wartani.com/category-i/19632,"Jordanian market listing (Amman); Jordanian goods reach Gaza mainly via aid corridor, Gaza availability not confirmed"
veg_oil,Al-Amer,Al-Amer sunflower oil 9 L,زيت دوار الشمس العامر 9 لتر,9000,ml,tin,Jordan,no,low,https://3wartani.com/category-i/19632,"Jordanian market listing (Amman); Jordanian goods reach Gaza mainly via aid corridor, Gaza availability not confirmed; pack type assumed for large sizes"
veg_oil,Al-Amer,Al-Amer corn oil 2.7 L,زيت ذرة العامر 2.7 لتر,2700,ml,bottle,Jordan,no,low,https://3wartani.com/category-i/19632,"Jordanian market listing (Amman); Jordanian goods reach Gaza mainly via aid corridor, Gaza availability not confirmed"
veg_oil,Al-Amer,Al-Amer corn oil 4.5 L,زيت ذرة العامر 4.5 لتر,4500,ml,bottle,Jordan,no,low,https://3wartani.com/category-i/19632,"Jordanian market listing (Amman); Jordanian goods reach Gaza mainly via aid corridor, Gaza availability not confirmed"
veg_oil,Safwa,Safwa sunflower oil 1.5 L,زيت دوار الشمس صفوة 1.5 لتر,1500,ml,bottle,Jordan,no,low,https://3wartani.com/category-i/19632,"Jordanian market listing (Amman); Jordanian goods reach Gaza mainly via aid corridor, Gaza availability not confirmed"
veg_oil,Safwa,Safwa corn oil 1.5 L,زيت ذرة صفوة 1.5 لتر,1500,ml,bottle,Jordan,no,low,https://3wartani.com/category-i/19632,"Jordanian market listing (Amman); Jordanian goods reach Gaza mainly via aid corridor, Gaza availability not confirmed"
veg_oil,Ziti,Ziti corn oil 1.3 L,زيت ذرة زيتي 1.3 لتر,1300,ml,bottle,Jordan,no,low,https://3wartani.com/category-i/19632,"Jordanian market listing (Amman); Jordanian goods reach Gaza mainly via aid corridor, Gaza availability not confirmed"
veg_oil,Mazola,Mazola sunflower oil 1.5 L,زيت دوار الشمس مازولا 1.5 لتر,1500,ml,bottle,Jordan,no,low,https://3wartani.com/category-i/19632,"Jordanian market listing (Amman); Jordanian goods reach Gaza mainly via aid corridor, Gaza availability not confirmed"
veg_oil,Shahrazad,Shahrazad soya oil 18 L,زيت صويا شهرزاد 18 لتر,18000,ml,tin,Jordan,no,low,https://3wartani.com/category-i/19632,"Jordanian market listing (Amman); Jordanian goods reach Gaza mainly via aid corridor, Gaza availability not confirmed; pack type assumed for large sizes"
veg_oil,Shahrazad,Shahrazad soya oil 14 L,زيت صويا شهرزاد 14 لتر,14000,ml,tin,Jordan,no,low,https://3wartani.com/category-i/19632,"Jordanian market listing (Amman); Jordanian goods reach Gaza mainly via aid corridor, Gaza availability not confirmed; pack type assumed for large sizes"
olive_oil,Ziti,Ziti Tunisian olive oil 500 ml,زيت زيتون تونسي زيتي 500 مل,500,ml,bottle,Jordan,no,low,https://3wartani.com/category-i/19632,"Jordanian market listing (Amman); Jordanian goods reach Gaza mainly via aid corridor, Gaza availability not confirmed"
olive_oil,Ziti,Ziti Tunisian olive oil 2 L,زيت زيتون تونسي زيتي 2 لتر,2000,ml,bottle,Jordan,no,low,https://3wartani.com/category-i/19632,"Jordanian market listing (Amman); Jordanian goods reach Gaza mainly via aid corridor, Gaza availability not confirmed"
olive_oil,Ziti,Ziti Tunisian olive oil 4 L,زيت زيتون تونسي زيتي 4 لتر,4000,ml,tin,Jordan,no,low,https://3wartani.com/category-i/19632,"Jordanian market listing (Amman); Jordanian goods reach Gaza mainly via aid corridor, Gaza availability not confirmed"
olive_oil,Al-Nabulsi,Al-Nabulsi olive oil 700 ml,زيت زيتون النابلسي 700 مل,700,ml,bottle,Jordan,no,low,https://3wartani.com/category-i/19632,"Jordanian market listing (Amman); Jordanian goods reach Gaza mainly via aid corridor, Gaza availability not confirmed"
olive_oil,Al'ard,Al'ard Palestinian extra virgin olive oil 15 kg,زيت زيتون بكر ممتاز الأرض 15 كغم,15000,g,tin,Palestine,no,medium,https://alardproducts.ps/en,"Al'ard (Palestinian producer) listing (Palestine site, NIS)"
olive_oil,Al'ard,Al'ard extra virgin olive oil 5 L,زيت زيتون بكر ممتاز الأرض 5 لتر,5000,ml,tin,Palestine,no,medium,https://alardproducts.ps/en,"Al'ard (Palestinian producer) listing (Palestine site, NIS); pack type assumed"
olive_oil,Al'ard,Al'ard extra virgin olive oil 3 L tin,زيت زيتون بكر ممتاز الأرض 3 لتر تنكة,3000,ml,tin,Palestine,no,medium,https://alardproducts.ps/en,"Al'ard (Palestinian producer) listing (Palestine site, NIS)"
olive_oil,Al'ard,Al'ard Palestinian virgin olive oil 15 kg,زيت زيتون بكر الأرض 15 كغم,15000,g,tin,Palestine,no,medium,https://alardproducts.ps/en,"Al'ard (Palestinian producer) listing (Palestine site, NIS)"
olive_oil,Al'ard,Al'ard extra virgin olive oil 250 ml,زيت زيتون بكر ممتاز الأرض 250 مل,250,ml,bottle,Palestine,no,low,https://www.alardproducts.com/products/extra-virgin-olive-oil-250ml,Al'ard (Palestinian producer) listing (US export site)
zaatar,Al'ard,Al'ard premium zaatar blend 100 g,زعتر الأرض 100 غم,100,g,bag,Palestine,no,low,https://www.alardproducts.com/collections/herbs-spices,Al'ard (Palestinian producer) listing (US export site)
zaatar,Al'ard,Al'ard premium zaatar blend 226 g,زعتر الأرض 226 غم,226,g,bag,Palestine,no,low,https://www.alardproducts.com/collections/herbs-spices,Al'ard (Palestinian producer) listing (US export site)
zaatar,Al'ard,Al'ard premium zaatar blend 454 g,زعتر الأرض 454 غم,454,g,bag,Palestine,no,low,https://www.alardproducts.com/collections/herbs-spices,Al'ard (Palestinian producer) listing (US export site)
seven_spice,Al'ard,Al'ard 7 spices mix 120 g,سبع بهارات الأرض 120 غم,120,g,bag,Palestine,no,low,https://www.alardproducts.com/collections/herbs-spices,Al'ard (Palestinian producer) listing (US export site)
maqluba_spice,Al'ard,Al'ard maqlobah spice mix 120 g,بهار مقلوبة الأرض 120 غم,120,g,bag,Palestine,no,low,https://www.alardproducts.com/collections/herbs-spices,Al'ard (Palestinian producer) listing (US export site)
shawarma_spice,Al'ard,Al'ard chicken shawarma spice mix 120 g,بهار شاورما دجاج الأرض 120 غم,120,g,bag,Palestine,no,low,https://www.alardproducts.com/collections/herbs-spices,Al'ard (Palestinian producer) listing (US export site)
sumac,Al'ard,Al'ard sumac 120 g,سماق الأرض 120 غم,120,g,bag,Palestine,no,low,https://www.alardproducts.com/collections/herbs-spices,Al'ard (Palestinian producer) listing (US export site)
halawa,Al'ard,Al'ard plain Palestinian halawa 400 g (Nablus),حلاوة نابلسية سادة الأرض 400 غم,400,g,tub,Palestine,no,low,https://www.alardproducts.com/products/plain-palestinian-halawa-400g-14-1-oz,Al'ard (Palestinian producer) listing (US export site)
halawa,Al'ard,Al'ard pistachio halawa 400 g (Nablus),حلاوة بالفستق الأرض 400 غم,400,g,tub,Palestine,no,low,https://www.alardproducts.com/products/pistachio-palestinian-halawa-400g-14-1-oz,Al'ard (Palestinian producer) listing (US export site)
zaatar,Thimar Al-Quds,"Thimar Al-Quds green Palestinian zaatar, carton 500 g",زعتر أخضر فلسطيني كرتون 500 غ,500,g,box,Turkey,no,low,https://www.thimar-alquds.com/,"Thimar Al-Quds (Hania BH, Palestinian food company based in Istanbul); diaspora brand, Gaza availability not confirmed"
gaza_dukkah,Thimar Al-Quds,"Thimar Al-Quds brown zaatar (dagga), carton 500 g",زعتر بني (دقة) كرتون 500 غ,500,g,box,Turkey,no,low,https://www.thimar-alquds.com/,"Thimar Al-Quds (Hania BH, Palestinian food company based in Istanbul); diaspora brand, Gaza availability not confirmed"
zaatar,Thimar Al-Quds,Thimar Al-Quds green zaatar 400 g,زعتر أخضر 400 غ,400,g,bag,Turkey,no,low,https://www.thimar-alquds.com/,"Thimar Al-Quds (Hania BH, Palestinian food company based in Istanbul); diaspora brand, Gaza availability not confirmed"
zaatar,Thimar Al-Quds,Thimar Al-Quds green Palestinian zaatar 200 g,زعتر أخضر فلسطيني 200 غ,200,g,bag,Turkey,no,low,https://www.thimar-alquds.com/,"Thimar Al-Quds (Hania BH, Palestinian food company based in Istanbul); diaspora brand, Gaza availability not confirmed"
gaza_dukkah,Thimar Al-Quds,Thimar Al-Quds brown Palestinian zaatar (dagga) 200 g,زعتر بني فلسطيني (دقة) 200 غ,200,g,bag,Turkey,no,low,https://www.thimar-alquds.com/,"Thimar Al-Quds (Hania BH, Palestinian food company based in Istanbul); diaspora brand, Gaza availability not confirmed"
pomegranate_molasses,Thimar Al-Quds,Thimar Al-Quds pomegranate molasses 350 g,دبس رمان ثمار القدس 350 غ,350,g,bottle,Turkey,no,low,https://www.thimar-alquds.com/,"Thimar Al-Quds (Hania BH, Palestinian food company based in Istanbul); diaspora brand, Gaza availability not confirmed"
pepper_paste,Thimar Al-Quds,Thimar Al-Quds chili sauce (flifleh) 250 g,شطة فليفلة ثمار القدس 250 غ,250,g,jar,Turkey,no,low,https://www.thimar-alquds.com/,"Thimar Al-Quds (Hania BH, Palestinian food company based in Istanbul); diaspora brand, Gaza availability not confirmed"
olive_oil,Thimar Al-Quds,Thimar Al-Quds premium olive oil 500 ml,زيت زيتون ممتاز ثمار القدس 500 مل,500,ml,bottle,Turkey,no,low,https://www.thimar-alquds.com/,"Thimar Al-Quds (Hania BH, Palestinian food company based in Istanbul); diaspora brand, Gaza availability not confirmed"
black_pepper,Thimar Al-Quds,Thimar Al-Quds ground pepper mini 22 g,فلفل مطحون ميني 22 غ,22,g,jar,Turkey,no,low,https://www.thimar-alquds.com/,"Thimar Al-Quds (Hania BH, Palestinian food company based in Istanbul); diaspora brand, Gaza availability not confirmed"
cardamom,Thimar Al-Quds,Thimar Al-Quds cardamom seeds mini 10 g,هيل حب ميني 10 غ,10,g,jar,Turkey,no,low,https://www.thimar-alquds.com/,"Thimar Al-Quds (Hania BH, Palestinian food company based in Istanbul); diaspora brand, Gaza availability not confirmed; 10 g mini size not confirmed on site"
olive_oil,generic (local press),"Olive oil tanakeh (tin), 16 L",تنكة زيت زيتون 16 لتر,16000,ml,tin,Palestine,no,high,https://husna.fm/%D8%AA%D9%82%D8%A7%D8%B1%D9%8A%D8%B1/%D8%B3%D8%B9%D8%B1-%D8%AA%D9%86%D9%83%D8%A9-%D8%B2%D9%8A%D8%AA-%D8%A7%D9%84%D8%B2%D9%8A%D8%AA%D9%88%D9%86-%D8%BA%D8%B2%D8%A9,Gaza olive oil is sold by the tanakeh (about 16 L / 16 kg); price rose from ~400-450 to 1200-1700 NIS in wartime (Husna). Size from Palestinian listings (e.g. https://sendiyanland.com/en/products/%D8%AA%D9%86%D9%83%D8%A9-%D8%B2%D9%8A%D8%AA-%D8%B2%D9%8A%D8%AA%D9%88%D9%86-%D9%81%D9%84%D8%B3%D8%B7%D9%8A%D9%86%D9%8A-%D8%A8%D9%83%D8%B1-16-%D9%84%D8%AA%D8%B1)
olive_oil,generic (local press),"Olive oil by the kilo, loose",زيت زيتون بالكيلو,1000,g,loose,Palestine,no,medium,https://fact-check.wattan.net/ar/news/172.html,Palestinian olive oil is priced per kg (27-50 NIS/kg in 2024); households decant into bottles
veg_oil,aid (GHF box),Cooking oil 1 L in GHF food box,زيت طبخ 1 لتر (طرد مؤسسة غزة الإنسانية),1000,ml,bottle,unknown,yes,medium,https://www.middleeasteye.net/news/what-inside-box-aid-distributed-gaza-humanitarian-foundation,1 litre of oil per GHF box (2025); brand varies
veg_oil,aid (UNRWA),UNRWA exceptional parcel cooking oil 3 L (family of 1-5),زيت طبخ 3 لتر (طرد الأونروا),3000,ml,bottle,unknown,yes,medium,https://www.unrwa.org/newsroom/press-releases/unrwa-distribute-exceptional-food-parcels,"UNRWA parcel ration: 3 L oil for 1-5 persons, 6 L for 6+; container size not stated (may be several bottles)"
tahini,Al Arz,Al Arz tahini 1 kg,طحينة الأرز 1 كغم,1000,g,jar,Israel,no,medium,https://world.openfoodfacts.org/product/7290001216057,Open Food Facts record (sold in Israel; Israeli brands were common in Gaza before 2023 and some re-entered via licensed traders in 2025-26; Nazareth-made tahini)
date_molasses,Tamar Kinneret (Silan),Kinneret silan date syrup squeeze 650 g,دبس تمر سيلان كينيرت 650 غم,650,g,bottle,Israel,no,low,https://world.openfoodfacts.org/product/7290000185224,Open Food Facts record (sold in Israel; Israeli brands were common in Gaza before 2023 and some re-entered via licensed traders in 2025-26)
date_molasses,Lin's Farm,Lin's Farm natural date silan 450 g,دبس تمر طبيعي مزرعة لين 450 غم,450,g,jar,Israel,no,low,https://world.openfoodfacts.org/product/7290002196754,Open Food Facts record (sold in Israel; Israeli brands were common in Gaza before 2023 and some re-entered via licensed traders in 2025-26)
date_molasses,Yad Mordechai,Yad Mordechai natural silan 630 g,دبس تمر يد مردخاي 630 غم,630,g,jar,Israel,no,low,https://world.openfoodfacts.org/product/7290112351067,Open Food Facts record (sold in Israel; Israeli brands were common in Gaza before 2023 and some re-entered via licensed traders in 2025-26)
chocolate_spread,Chocketa,Chocketa cocoa spread 700 g,شوكيتا شوكولاتة للدهن 700 غم,700,g,tub,Israel,no,low,https://world.openfoodfacts.org/product/5410291022776,Open Food Facts record (sold in Israel; Israeli brands were common in Gaza before 2023 and some re-entered via licensed traders in 2025-26)
chocolate_spread,Chocketa,Chocketa cocoa spread 900 g,شوكيتا شوكولاتة للدهن 900 غم,900,g,tub,Israel,no,low,https://world.openfoodfacts.org/product/7290018893326,Open Food Facts record (sold in Israel; Israeli brands were common in Gaza before 2023 and some re-entered via licensed traders in 2025-26)
chocolate_spread,Nutella,Nutella 1 kg,نوتيلا 1 كغم,1000,g,jar,unknown,no,medium,https://world.openfoodfacts.org/product/80176800,"Open Food Facts record (tagged in 25+ countries incl. Israel, Lebanon, Turkey)"
chocolate_spread,Nutella,Nutella portion 15 g,نوتيلا 15 غم,15,g,tub,unknown,no,low,https://world.openfoodfacts.org/product/80177173,Open Food Facts record (single portion; tagged in many countries incl. Israel)
peanut_butter,B&D,B&D natural peanut butter 350 g,زبدة فول سوداني طبيعية B&D 350 غم,350,g,jar,Israel,no,low,https://world.openfoodfacts.org/product/7290000446547,Open Food Facts record (sold in Israel; Israeli brands were common in Gaza before 2023 and some re-entered via licensed traders in 2025-26)
peanut_butter,Shaked Tavor,Shaked Tavor peanut butter 1 kg,زبدة فول سوداني شكيد تافور 1 كغم,1000,g,tub,Israel,no,low,https://world.openfoodfacts.org/product/7290018857885,Open Food Facts record (sold in Israel; Israeli brands were common in Gaza before 2023 and some re-entered via licensed traders in 2025-26)
ketchup,Osem,Osem ketchup 750 g,كاتشب أوسم 750 غم,750,g,bottle,Israel,no,medium,https://world.openfoodfacts.org/product/3864048072613,Open Food Facts record (sold in Israel; Israeli brands were common in Gaza before 2023 and some re-entered via licensed traders in 2025-26)
mayonnaise,Heinz,Heinz mayonnaise spread 460 g,مايونيز هاينز 460 غم,460,g,jar,unknown,no,low,https://world.openfoodfacts.org/product/8715700110141,Open Food Facts record (sold in Israel; Israeli brands were common in Gaza before 2023 and some re-entered via licensed traders in 2025-26)
cinnamon,Pereg,Pereg ground cinnamon 120 g,قرفة مطحونة بيرج 120 غم,120,g,jar,Israel,no,low,https://world.openfoodfacts.org/product/7290011091491,Open Food Facts record (sold in Israel; Israeli brands were common in Gaza before 2023 and some re-entered via licensed traders in 2025-26)
paprika,Pereg,Pereg sweet paprika 500 g,بابريكا حلوة بيرج 500 غم,500,g,bag,Israel,no,low,https://world.openfoodfacts.org/product/7290011091057,Open Food Facts record (sold in Israel; Israeli brands were common in Gaza before 2023 and some re-entered via licensed traders in 2025-26)
black_pepper,Maimon's,Maimon's ground black pepper 100 g,فلفل أسود مطحون ميمون 100 غم,100,g,bag,Israel,no,low,https://world.openfoodfacts.org/product/7290010002078,Open Food Facts record (sold in Israel; Israeli brands were common in Gaza before 2023 and some re-entered via licensed traders in 2025-26)
tahini,El Rashidi El Mizan,El Rashidi El Mizan tahini 320 g,طحينة الرشيدي الميزان 320 جم,320,g,jar,Egypt,no,medium,https://world.openfoodfacts.org/product/6044061000009,Open Food Facts record (Egypt-tagged; Gaza availability not confirmed)
tahini,Rose Garden,Rose Garden tahini 800 g,طحينة روز جاردن 800 جم,800,g,jar,Egypt,no,low,https://world.openfoodfacts.org/product/6223006112421,Open Food Facts record (Egypt-tagged; Gaza availability not confirmed)
jam,Vitrac,Vitrac apricot jam 450 g,مربى مشمش فيتراك 450 جم,450,g,jar,Egypt,no,medium,https://world.openfoodfacts.org/product/6221024991714,Open Food Facts record (Egypt-tagged; Gaza availability not confirmed)
jam,Hero,Hero strawberry jam 350 g,مربى فراولة هيرو 350 جم,350,g,jar,Egypt,no,low,https://world.openfoodfacts.org/product/6221024270017,Open Food Facts record (Egypt-tagged; Gaza availability not confirmed; made in Egypt)
jam,Omnia,Omnia strawberry jam 800 g,مربى فراولة أومنيا 800 جم,800,g,jar,Egypt,no,low,https://world.openfoodfacts.org/product/6223001057123,Open Food Facts record (Egypt-tagged; Gaza availability not confirmed)
honey,Imtenan,Imtenan spring flower honey 250 g,عسل نحل امتنان زهور الربيع 250 جم,250,g,jar,Egypt,no,low,https://world.openfoodfacts.org/product/6221078111199,Open Food Facts record (Egypt-tagged; Gaza availability not confirmed)
honey,Hero,Hero spring blossom honey 500 g,عسل نحل زهور الربيع هيرو 500 جم,500,g,jar,Egypt,no,low,https://world.openfoodfacts.org/product/6221024992612,Open Food Facts record (Egypt-tagged; Gaza availability not confirmed)
chocolate_spread,El Rashidi El Mizan,Creamita chocolate spread 200 g,كريميتا الرشيدي الميزان 200 جم,200,g,jar,Egypt,no,low,https://world.openfoodfacts.org/product/6223000055939,Open Food Facts record (Egypt-tagged; Gaza availability not confirmed)
peanut_butter,Ahef,Ahef peanut butter 350 g,زبدة فول سوداني أحف 350 جم,350,g,jar,Egypt,no,low,https://world.openfoodfacts.org/product/6224000020026,Open Food Facts record (Egypt-tagged; Gaza availability not confirmed)
peanut_butter,Ahef,Ahef peanut butter 700 g,زبدة فول سوداني أحف 700 جم,700,g,jar,Egypt,no,low,https://world.openfoodfacts.org/product/6224000020002,Open Food Facts record (Egypt-tagged; Gaza availability not confirmed)
mayonnaise,Sweet Life,Sweet Life garlic mayonnaise 250 ml,مايونيز بالثوم سويت لايف 250 مل,250,ml,bottle,Egypt,no,low,https://world.openfoodfacts.org/product/6224009010059,Open Food Facts record (Egypt-tagged; Gaza availability not confirmed)
veg_oil,Farha,Farha mixed oil 900 ml,زيت خليط فرحة 900 مل,900,ml,bottle,Egypt,no,low,https://world.openfoodfacts.org/product/6225000267886,Open Food Facts record (Egypt-tagged; Gaza availability not confirmed)
mustard,Heinz,Heinz mustard 125 g,مسطردة هاينز 125 جم,125,g,pouch,Egypt,no,low,https://world.openfoodfacts.org/product/6221033001275,Open Food Facts record (Egypt-tagged; Gaza availability not confirmed)
date_molasses,Durra,Durra date syrup 425 g,دبس تمر الدرة 425 غم,425,g,jar,Jordan,no,low,https://world.openfoodfacts.org/product/6251136020736,Open Food Facts record (Jordan-tagged; Gaza availability not confirmed)
jam,Durra,Durra apricot jam 430 g,مربى مشمش الدرة 430 غم,430,g,jar,Jordan,no,low,https://world.openfoodfacts.org/product/6210241141170,Open Food Facts record (Jordan-tagged; Gaza availability not confirmed)
honey,Al-Shiffa,Al-Shiffa honey 500 g,عسل الشفاء 500 غم,500,g,jar,Jordan,no,low,https://world.openfoodfacts.org/product/6253007522219,Open Food Facts record (Jordan-tagged; Gaza availability not confirmed)
jam,Srour,Srour blueberry jam 369 g,مربى التوت سرور 369 غم,369,g,jar,Jordan,no,low,https://world.openfoodfacts.org/product/6217000164364,Open Food Facts record (Jordan-tagged; Gaza availability not confirmed)
