item_slug,brand,name_en,name_ar,pack_size,pack_unit,pack_type,origin_country,in_aid_parcels,confidence,source_url,notes
canned_luncheon_beef,Siniora,Siniora beef luncheon 225 g,سنيورة بقر لانشون 225غم,225,g,can,Palestine,unknown,high,https://www.palbazaar.com/%D9%85%D8%B9%D9%84%D8%A8%D8%A7%D8%AA,"Listed by Palestine Bazaar, a Palestinian online grocer"
canned_luncheon_beef,Siniora,Siniora beef luncheon 310 g,سنيورة بقر لانشون 310غم,310,g,can,Palestine,unknown,high,https://www.palbazaar.com/%D9%85%D8%B9%D9%84%D8%A8%D8%A7%D8%AA,"Listed by Palestine Bazaar, a Palestinian online grocer"
canned_luncheon_beef,Siniora,Siniora beef luncheon 800 g,سنيورة بقر لانشون 800غم,800,g,can,Palestine,unknown,high,https://www.palbazaar.com/%D9%85%D8%B9%D9%84%D8%A8%D8%A7%D8%AA,"Listed by Palestine Bazaar, a Palestinian online grocer"
canned_luncheon_turkey,Siniora,Siniora turkey luncheon 800 g,سنيورة لانشون حبش 800غم,800,g,can,Palestine,unknown,high,https://www.palbazaar.com/%D9%85%D8%B9%D9%84%D8%A8%D8%A7%D8%AA,"Listed by Palestine Bazaar, a Palestinian online grocer"
canned_corned_beef,Extra,Extra canned meat 340 g,لحمة اكسترا 340غم,340,g,can,unknown,unknown,high,https://www.palbazaar.com/%D9%85%D8%B9%D9%84%D8%A8%D8%A7%D8%AA,"Listed by Palestine Bazaar, a Palestinian online grocer"
canned_luncheon_beef,Tazej,Tazej beef luncheon 340 g,طازج لانشون لحم بقري 340غم,340,g,can,unknown,unknown,high,https://www.palbazaar.com/%D9%85%D8%B9%D9%84%D8%A8%D8%A7%D8%AA,"Listed by Palestine Bazaar, a Palestinian online grocer"
canned_luncheon_beef,Tazej,Tazej beef luncheon 825 g,طازج لانشون لحم بقري 825غم,825,g,can,unknown,unknown,high,https://www.palbazaar.com/%D9%85%D8%B9%D9%84%D8%A8%D8%A7%D8%AA,"Listed by Palestine Bazaar, a Palestinian online grocer"
canned_sardines,Marina,Marina mackerel sardine in vegetable oil 200 g,مارينا مكريل سردين بالزيت النباتي 200غم,200,g,can,unknown,unknown,high,https://www.palbazaar.com/%D9%85%D8%B9%D9%84%D8%A8%D8%A7%D8%AA,"Listed by Palestine Bazaar, a Palestinian online grocer"
canned_tuna,Marina,Marina tuna in vegetable oil 160 g,تونا مارينا 160غم بالزيت النباتي,160,g,can,unknown,unknown,high,https://www.palbazaar.com/%D9%85%D8%B9%D9%84%D8%A8%D8%A7%D8%AA,"Listed by Palestine Bazaar, a Palestinian online grocer"
canned_tuna,Marina,Marina tuna with hot pepper 160 g,تونا مارينا 160غم بالفلفل الحار,160,g,can,unknown,unknown,high,https://www.palbazaar.com/%D9%85%D8%B9%D9%84%D8%A8%D8%A7%D8%AA,"Listed by Palestine Bazaar, a Palestinian online grocer"
canned_tuna,Marina,Marina tuna in vegetable oil 240 g,تونا مارينا 240 غم بالزيت النباتي,240,g,can,unknown,unknown,high,https://www.palbazaar.com/%D9%85%D8%B9%D9%84%D8%A8%D8%A7%D8%AA,"Listed by Palestine Bazaar, a Palestinian online grocer"
canned_tuna,Marina,Marina tuna with hot pepper 240 g,تونا مارينا 240 غم بالفلفل الحار,240,g,can,unknown,unknown,high,https://www.palbazaar.com/%D9%85%D8%B9%D9%84%D8%A8%D8%A7%D8%AA,"Listed by Palestine Bazaar, a Palestinian online grocer"
canned_tuna,Marina,Marina tuna in vegetable oil 95 g,تونا مارينا 95 غم بالزيت النباتي,95,g,can,unknown,unknown,high,https://www.palbazaar.com/%D9%85%D8%B9%D9%84%D8%A8%D8%A7%D8%AA,"Listed by Palestine Bazaar, a Palestinian online grocer"
canned_tuna,Marina,Marina tuna with hot pepper 95 g,تونا مارينا 95 غم بالفلفل الحار,95,g,can,unknown,unknown,high,https://www.palbazaar.com/%D9%85%D8%B9%D9%84%D8%A8%D8%A7%D8%AA,"Listed by Palestine Bazaar, a Palestinian online grocer"
canned_tuna_mix,Marina,Marina tuna with corn mix in vegetable oil 150 g,تونا مارينا مع خلطة الذرة 150غم بالزيت النباتي,150,g,can,unknown,unknown,high,https://www.palbazaar.com/%D9%85%D8%B9%D9%84%D8%A8%D8%A7%D8%AA,"Listed by Palestine Bazaar, a Palestinian online grocer"
canned_tuna_mix,Marina,"Marina tuna with corn mix, hot 150 g",تونا مارينا مع خلطة الذرة 150غم بالفلفل الحار,150,g,can,unknown,unknown,high,https://www.palbazaar.com/%D9%85%D8%B9%D9%84%D8%A8%D8%A7%D8%AA,"Listed by Palestine Bazaar, a Palestinian online grocer"
canned_sardines,Porthos,Porthos mackerel sardine with hot pepper 120 g,سردين بورثوس سمك مكريل 120غم بالفلفل الحار,120,g,can,Portugal,unknown,high,https://www.palbazaar.com/%D9%85%D8%B9%D9%84%D8%A8%D8%A7%D8%AA,"Listed by Palestine Bazaar, a Palestinian online grocer"
canned_sardines,Porthos,Porthos mackerel sardine in sunflower oil 120 g,سردين بورثوس سمك مكريل 120غم بزيت دوار الشمس,120,g,can,Portugal,unknown,high,https://www.palbazaar.com/%D9%85%D8%B9%D9%84%D8%A8%D8%A7%D8%AA,"Listed by Palestine Bazaar, a Palestinian online grocer"
canned_sardines,Sinokrot,Sinokrot mackerel sardine in vegetable oil 125 g,سردين سنقرط مكريل 125غم بالزيت النباتي,125,g,can,Palestine,unknown,high,https://www.palbazaar.com/%D9%85%D8%B9%D9%84%D8%A8%D8%A7%D8%AA,"Listed by Palestine Bazaar, a Palestinian online grocer; Sinokrot is a Palestinian group"
canned_sardines,Sinokrot,Sinokrot mackerel sardine with hot pepper 125 g,سردين سنقرط مكريل 125غم بالفلفل الحار,125,g,can,Palestine,unknown,high,https://www.palbazaar.com/%D9%85%D8%B9%D9%84%D8%A8%D8%A7%D8%AA,"Listed by Palestine Bazaar, a Palestinian online grocer; Sinokrot is a Palestinian group"
canned_sardines,Americana,Americana sardines 125 g,سردين امريكانا 125غم,125,g,can,Egypt,unknown,high,https://www.palbazaar.com/%D9%85%D8%B9%D9%84%D8%A8%D8%A7%D8%AA,"Listed by Palestine Bazaar, a Palestinian online grocer"
canned_tuna,Big Fish,"Big Fish tuna, hot 140 g",تونا big fish حار 140غم,140,g,can,unknown,unknown,high,https://www.palbazaar.com/%D9%85%D8%B9%D9%84%D8%A8%D8%A7%D8%AA,"Listed by Palestine Bazaar, a Palestinian online grocer"
canned_tuna,Big Fish,"Big Fish tuna, regular 140 g",تونا big fish عادي 140غم,140,g,can,unknown,unknown,high,https://www.palbazaar.com/%D9%85%D8%B9%D9%84%D8%A8%D8%A7%D8%AA,"Listed by Palestine Bazaar, a Palestinian online grocer"
canned_tuna,Heinz,Heinz tuna chunks 185 g,تونا هاينز قطع 185غم,185,g,can,unknown,unknown,high,https://www.palbazaar.com/%D9%85%D8%B9%D9%84%D8%A8%D8%A7%D8%AA,"Listed by Palestine Bazaar, a Palestinian online grocer"
canned_fava,Al Mazraa,Al Mazraa ful medames 400 g,المزرعة فول مدمس 400غم,400,g,can,unknown,unknown,high,https://www.palbazaar.com/%D9%85%D8%B9%D9%84%D8%A8%D8%A7%D8%AA,"Listed by Palestine Bazaar, a Palestinian online grocer"
canned_peas,Eden,Eden peas 550 g,عيدن بازيلاء 550غم,550,g,can,unknown,unknown,high,https://www.palbazaar.com/%D9%85%D8%B9%D9%84%D8%A8%D8%A7%D8%AA,"Listed by Palestine Bazaar, a Palestinian online grocer"
canned_peas_carrots,Eden,Eden peas and carrots 550 g,عيدن بازيلاء وجزر 550غم,550,g,can,unknown,unknown,high,https://www.palbazaar.com/%D9%85%D8%B9%D9%84%D8%A8%D8%A7%D8%AA,"Listed by Palestine Bazaar, a Palestinian online grocer"
canned_chickpeas,Eden,Eden whole chickpeas 550 g,عيدن حمص حب 550غم,550,g,can,unknown,unknown,high,https://www.palbazaar.com/%D9%85%D8%B9%D9%84%D8%A8%D8%A7%D8%AA,"Listed by Palestine Bazaar, a Palestinian online grocer"
canned_white_beans,Eden,Eden white beans 570 g,عيدن فاصوليا بيضاء 570غم,570,g,can,unknown,unknown,high,https://www.palbazaar.com/%D9%85%D8%B9%D9%84%D8%A8%D8%A7%D8%AA,"Listed by Palestine Bazaar, a Palestinian online grocer"
canned_fava,Harvest,Harvest ful with lemon 380 g,فول هارفست 380غم بالليمون,380,g,can,Egypt,unknown,high,https://www.palbazaar.com/%D9%85%D8%B9%D9%84%D8%A8%D8%A7%D8%AA,"Listed by Palestine Bazaar, a Palestinian online grocer"
canned_fava,Harvest,"Harvest ful, hot 380 g",فول هارفست 380غم حار,380,g,can,Egypt,unknown,high,https://www.palbazaar.com/%D9%85%D8%B9%D9%84%D8%A8%D8%A7%D8%AA,"Listed by Palestine Bazaar, a Palestinian online grocer"
canned_sweet_corn,Eden,Eden sweet corn kernels 500 g,عيدن ذرة صفراء حلوة حب 500غم,500,g,can,unknown,unknown,high,https://www.palbazaar.com/%D9%85%D8%B9%D9%84%D8%A8%D8%A7%D8%AA,"Listed by Palestine Bazaar, a Palestinian online grocer"
canned_mushrooms,Al Diyafa,Al Diyafa whole mushrooms 400 g,الضيافة فطر حبة كاملة 400غم,400,g,can,unknown,unknown,high,https://www.palbazaar.com/%D9%85%D8%B9%D9%84%D8%A8%D8%A7%D8%AA,"Listed by Palestine Bazaar, a Palestinian online grocer"
canned_mushrooms,Marina,Marina sliced mushrooms 290 g,فطر مارينا مشرح 290غم,290,g,can,unknown,unknown,high,https://www.palbazaar.com/%D9%85%D8%B9%D9%84%D8%A8%D8%A7%D8%AA,"Listed by Palestine Bazaar, a Palestinian online grocer"
green_olives,Eden,"Eden green olives, whole 560 g",عيدن زيتون اخضر حب كامل 560غم,560,g,jar,unknown,no,high,https://www.palbazaar.com/%D9%85%D8%B9%D9%84%D8%A8%D8%A7%D8%AA,"Listed by Palestine Bazaar, a Palestinian online grocer"
green_olives,Eden,"Eden green olives, pitted 560 g",عيدن زيتون اخضر حب كامل بدون نواة 560غم,560,g,jar,unknown,no,high,https://www.palbazaar.com/%D9%85%D8%B9%D9%84%D8%A8%D8%A7%D8%AA,"Listed by Palestine Bazaar, a Palestinian online grocer"
green_olives,Eden,"Eden green olives, sliced 560 g",عيدن زيتون اخضر مشرح 560غم,560,g,jar,unknown,no,high,https://www.palbazaar.com/%D9%85%D8%B9%D9%84%D8%A8%D8%A7%D8%AA,"Listed by Palestine Bazaar, a Palestinian online grocer"
black_olives,Eden,"Eden black olives, pitted 550 g",عيدن زيتون اسود حب كامل بدون نواة 550غم,550,g,jar,unknown,no,high,https://www.palbazaar.com/%D9%85%D8%B9%D9%84%D8%A8%D8%A7%D8%AA,"Listed by Palestine Bazaar, a Palestinian online grocer"
black_olives,Eden,"Eden black olives, sliced 550 g",عيدن زيتون اسود مشرح 550غم,550,g,jar,unknown,no,high,https://www.palbazaar.com/%D9%85%D8%B9%D9%84%D8%A8%D8%A7%D8%AA,"Listed by Palestine Bazaar, a Palestinian online grocer"
black_olives,Zadna,"Zadna black olives, sliced 560 g",زادنا زيتون اسود مشرح 560غم,560,g,jar,Palestine,no,high,https://www.palbazaar.com/%D9%85%D8%B9%D9%84%D8%A8%D8%A7%D8%AA,"Listed by Palestine Bazaar, a Palestinian online grocer; Zadna is Sinokrot's Jordan Valley pickling and canning company"
black_olives,Zita,"Zita black olives, sliced 560 g",زيتا زيتون اسود مشرح 560غم,560,g,jar,unknown,no,high,https://www.palbazaar.com/%D9%85%D8%B9%D9%84%D8%A8%D8%A7%D8%AA,"Listed by Palestine Bazaar, a Palestinian online grocer"
pickled_aubergine,Zadna,Zadna pickled aubergine 540 g,زادنا مخلل باذنجان 540غم,540,g,jar,Palestine,no,high,https://www.palbazaar.com/%D9%85%D8%B9%D9%84%D8%A8%D8%A7%D8%AA,"Listed by Palestine Bazaar, a Palestinian online grocer; Zadna is Sinokrot's Jordan Valley pickling and canning company"
pickled_cucumber,Zadna,"Zadna pickled cucumbers, hot 560 g",زادنا مخلل خيار 560غم حار,560,g,jar,Palestine,no,high,https://www.palbazaar.com/%D9%85%D8%B9%D9%84%D8%A8%D8%A7%D8%AA,"Listed by Palestine Bazaar, a Palestinian online grocer; Zadna is Sinokrot's Jordan Valley pickling and canning company"
pickled_cucumber,Zadna,"Zadna pickled cucumbers 18-25 per jar, 650 g",زادنا مخلل خيار 18-25 650غم,650,g,jar,Palestine,no,high,https://www.palbazaar.com/%D9%85%D8%B9%D9%84%D8%A8%D8%A7%D8%AA,"Listed by Palestine Bazaar, a Palestinian online grocer; Zadna is Sinokrot's Jordan Valley pickling and canning company"
pickled_cucumber,Zadna,"Zadna pickled cucumbers 7-9 per jar, 560 g",زادنا مخلل خيار 7-9 560غم,560,g,jar,Palestine,no,high,https://www.palbazaar.com/%D9%85%D8%B9%D9%84%D8%A8%D8%A7%D8%AA,"Listed by Palestine Bazaar, a Palestinian online grocer; Zadna is Sinokrot's Jordan Valley pickling and canning company"
pickled_peppers,Zadna,Zadna pickled peppers 550 g,زادنا مخلل فلفل 550غم,550,g,jar,Palestine,no,high,https://www.palbazaar.com/%D9%85%D8%B9%D9%84%D8%A8%D8%A7%D8%AA,"Listed by Palestine Bazaar, a Palestinian online grocer; Zadna is Sinokrot's Jordan Valley pickling and canning company"
pickled_aubergine,Zita,Zita pickled aubergine 540 g,زيتا مخلل باذنجان 540غم,540,g,jar,unknown,no,high,https://www.palbazaar.com/%D9%85%D8%B9%D9%84%D8%A8%D8%A7%D8%AA,"Listed by Palestine Bazaar, a Palestinian online grocer"
pickled_cucumber,Zita,"Zita pickled cucumbers 18-25 per jar, 650 g",زيتا مخلل خيار 18-25 650غم,650,g,jar,unknown,no,high,https://www.palbazaar.com/%D9%85%D8%B9%D9%84%D8%A8%D8%A7%D8%AA,"Listed by Palestine Bazaar, a Palestinian online grocer"
pickled_cucumber,Zita,"Zita pickled cucumbers 7-9 per jar, 560 g",زيتا مخلل خيار 7-9 560غم,560,g,jar,unknown,no,high,https://www.palbazaar.com/%D9%85%D8%B9%D9%84%D8%A8%D8%A7%D8%AA,"Listed by Palestine Bazaar, a Palestinian online grocer"
pickled_peppers,Zita,Zita pickled hot peppers 550 g,زيتا مخلل فلفل حار 550غم,550,g,jar,unknown,no,high,https://www.palbazaar.com/%D9%85%D8%B9%D9%84%D8%A8%D8%A7%D8%AA,"Listed by Palestine Bazaar, a Palestinian online grocer"
pickled_cucumber,Eden,"Eden pickled cucumbers 7-9 per jar, 550 g",عيدن مخلل خيار 7-9 550غم,550,g,jar,unknown,no,high,https://www.palbazaar.com/%D9%85%D8%B9%D9%84%D8%A8%D8%A7%D8%AA,"Listed by Palestine Bazaar, a Palestinian online grocer"
pickled_peppers,Eden,Eden pickled pepper horns 540 g,عيدن مخلل قرن فلفل 540غم,540,g,jar,unknown,no,high,https://www.palbazaar.com/%D9%85%D8%B9%D9%84%D8%A8%D8%A7%D8%AA,"Listed by Palestine Bazaar, a Palestinian online grocer"
canned_fruit_cocktail,Lazeeza,Lazeeza fruit salad 850 g,سلطة فواكه لزيزه 850 غم,850,g,can,unknown,unknown,high,https://www.palbazaar.com/%D9%85%D8%B9%D9%84%D8%A8%D8%A7%D8%AA,"Listed by Palestine Bazaar, a Palestinian online grocer"
canned_pineapple,Marina,Marina pineapple slices 140 g,شرائح اناناس مارينا 140غم,140,g,can,unknown,unknown,high,https://www.palbazaar.com/%D9%85%D8%B9%D9%84%D8%A8%D8%A7%D8%AA,"Listed by Palestine Bazaar, a Palestinian online grocer"
canned_pineapple,Marina,Marina pineapple slices 490 g,شرائح اناناس مارينا 490غم,490,g,can,unknown,unknown,high,https://www.palbazaar.com/%D9%85%D8%B9%D9%84%D8%A8%D8%A7%D8%AA,"Listed by Palestine Bazaar, a Palestinian online grocer"
canned_pineapple,Marina,Marina pineapple slices 227 g,مارينا شرائح اناناس 227غم,227,g,can,unknown,unknown,high,https://www.palbazaar.com/%D9%85%D8%B9%D9%84%D8%A8%D8%A7%D8%AA,"Listed by Palestine Bazaar, a Palestinian online grocer"
canned_fruit_cocktail,Marina,Marina fruit cocktail 140 g,كوكتيل فواكة مارينا 140غم,140,g,can,unknown,unknown,high,https://www.palbazaar.com/%D9%85%D8%B9%D9%84%D8%A8%D8%A7%D8%AA,"Listed by Palestine Bazaar, a Palestinian online grocer"
mixed_pickles,Zadna,Zadna mixed pickles 3 kg,مخلل زادنا 3 كيلو,3000,g,tub,Palestine,no,high,https://www.palbazaar.com/%D9%85%D8%B9%D9%84%D8%A8%D8%A7%D8%AA,Large catering tub; listed by Palestine Bazaar
tomato_paste,Tammy,Tammy tomato paste 580 g,صلصة بندورة تامي 580غم,580,g,jar,unknown,unknown,medium,https://www.palbazaar.com/%D9%85%D9%88%D8%A7%D8%AF-%D8%BA%D8%B0%D8%A7%D8%A6%D9%8A%D8%A9,Listed by Palestine Bazaar; pack type not stated
tomato_paste,Lazeeza,Lazeeza tomato paste 1 kg glass jar,صلصة بندوره لزيزه زجاج 1كغم,1000,g,jar,unknown,unknown,high,https://www.palbazaar.com/%D9%85%D9%88%D8%A7%D8%AF-%D8%BA%D8%B0%D8%A7%D8%A6%D9%8A%D8%A9,Listed by Palestine Bazaar
lupini_beans,generic,Dried lupini beans 1 kg,حب ترمس 1كغم,1000,g,bag,unknown,no,high,https://www.palbazaar.com/%D8%A7%D9%84%D9%85%D8%AD%D9%85%D8%B5-%D8%A7%D9%84%D8%A8%D9%82%D9%88%D9%84%D9%8A%D8%A7%D8%AA,Store-packed dry pulses listed by Palestine Bazaar
chickpeas,generic,Dried chickpeas 1 kg,حب حمص 1كغم,1000,g,bag,unknown,no,high,https://www.palbazaar.com/%D8%A7%D9%84%D9%85%D8%AD%D9%85%D8%B5-%D8%A7%D9%84%D8%A8%D9%82%D9%88%D9%84%D9%8A%D8%A7%D8%AA,Store-packed dry pulses listed by Palestine Bazaar
brown_lentils_whole,generic,Whole lentils 1 kg,حب عدس 1كغم,1000,g,bag,unknown,no,high,https://www.palbazaar.com/%D8%A7%D9%84%D9%85%D8%AD%D9%85%D8%B5-%D8%A7%D9%84%D8%A8%D9%82%D9%88%D9%84%D9%8A%D8%A7%D8%AA,Store-packed dry pulses listed by Palestine Bazaar
red_lentils_split,generic,Split lentils 1 kg,حب عدس مجروش 1كغم,1000,g,bag,unknown,no,high,https://www.palbazaar.com/%D8%A7%D9%84%D9%85%D8%AD%D9%85%D8%B5-%D8%A7%D9%84%D8%A8%D9%82%D9%88%D9%84%D9%8A%D8%A7%D8%AA,Store-packed dry pulses listed by Palestine Bazaar
white_beans,generic,Dried white beans 1 kg,حب فاصوليا بيضاء 1كغم,1000,g,bag,unknown,no,high,https://www.palbazaar.com/%D8%A7%D9%84%D9%85%D8%AD%D9%85%D8%B5-%D8%A7%D9%84%D8%A8%D9%82%D9%88%D9%84%D9%8A%D8%A7%D8%AA,Store-packed dry pulses listed by Palestine Bazaar
fava_beans,generic,Dried fava beans 700 g,حب فول 700غم,700,g,bag,unknown,no,high,https://www.palbazaar.com/%D8%A7%D9%84%D9%85%D8%AD%D9%85%D8%B5-%D8%A7%D9%84%D8%A8%D9%82%D9%88%D9%84%D9%8A%D8%A7%D8%AA,Store-packed dry pulses listed by Palestine Bazaar
red_lentils_split,generic,"Red (yellow) split lentils, 1 kg loose",عدس أصفر - كيلو,1000,g,loose,unknown,no,medium,https://t.me/s/asarsook?after=864,"Gaza market price list, 22/10/2025: 3-5 NIS. The list does not give the unit; it is assumed to be per kg"
brown_lentils_whole,generic,"Black/brown whole lentils, 1 kg loose",عدس أسود - كيلو,1000,g,loose,unknown,no,medium,https://t.me/s/asarsook?after=864,"Gaza market price list, 22/10/2025: 3-5 NIS. The list does not give the unit; it is assumed to be per kg"
chickpeas,generic,"Dried chickpeas, 1 kg loose",حمص ناشف - كيلو,1000,g,loose,unknown,no,medium,https://t.me/s/asarsook?after=864,"Gaza market price list, 22/10/2025: 3-5 NIS. The list does not give the unit; it is assumed to be per kg"
dried_peas,generic,"Dried peas, 1 kg loose",بازيلا ناشفة - كيلو,1000,g,loose,unknown,no,medium,https://t.me/s/asarsook?after=864,"Gaza market price list, 22/10/2025: 3-5 NIS. The list does not give the unit; it is assumed to be per kg"
dried_cowpeas,generic,"Dried black-eyed peas, 1 kg loose",لوبيا ناشفة - كيلو,1000,g,loose,unknown,no,medium,https://t.me/s/asarsook?after=864,"Gaza market price list, 22/10/2025: 3-5 NIS. The list does not give the unit; it is assumed to be per kg"
canned_chickpeas,Zalloum,Zalloum whole chickpeas 400 g,زلوم حمص حب 400 غم,400,g,can,Jordan,unknown,medium,https://altaqwamarket-marka.com/product/319828,"Listed by Al-Taqwa Markets (Amman, Jordan). Jordanian goods reach Gaza by convoy and trade; not confirmed on a Gaza shelf"
canned_fava,Al Kasih,"Al Kasih ful medames, small bean 440 g",الكسيح فول مدمس حبة صغيرة 440 غم,440,g,can,Jordan,unknown,medium,https://altaqwamarket-marka.com/product/319789,"Listed by Al-Taqwa Markets (Amman, Jordan). Jordanian goods reach Gaza by convoy and trade; not confirmed on a Gaza shelf"
canned_tuna,Maxim,Maxim tuna in water 185 g,مكسيم تونا بالماء 185 غم,185,g,can,unknown,unknown,low,https://altaqwamarket-marka.com/product/314239,"Listed by Al-Taqwa Markets (Amman, Jordan). Jordanian goods reach Gaza by convoy and trade; not confirmed on a Gaza shelf"
canned_fava,Luna,"Luna ful, premium bean 400 g",فول لونا حبة فاخرة 400غم,400,g,can,unknown,unknown,low,https://altaqwamarket-marka.com/product/314088,"Listed by Al-Taqwa Markets (Amman, Jordan). Jordanian goods reach Gaza by convoy and trade; not confirmed on a Gaza shelf"
canned_sausages,Siniora Al Quds,Siniora Al Quds beef sausages 415 g,سنيورة القدس نقانق بقري 415 غم,415,g,jar,Palestine,unknown,high,https://altaqwamarket-marka.com/product/300452,"Siniora Al Quds is the Palestinian (Jerusalem) Siniora plant; listing from Al-Taqwa Markets, Amman"
canned_luncheon_chicken,Yunium,Yunium chicken luncheon 500 g,يونيوم لانشون دجاج 500 غم,500,g,can,unknown,unknown,low,https://altaqwamarket-marka.com/product/298504,"Listed by Al-Taqwa Markets (Amman, Jordan). Jordanian goods reach Gaza by convoy and trade; not confirmed on a Gaza shelf"
canned_luncheon_beef,Yunium,Yunium beef luncheon 500 g,يونيوم لانشون بقري 500 غم,500,g,can,unknown,unknown,low,https://altaqwamarket-marka.com/product/298505,"Listed by Al-Taqwa Markets (Amman, Jordan). Jordanian goods reach Gaza by convoy and trade; not confirmed on a Gaza shelf"
black_olives,Maxim,"Maxim black olives, sliced 360 g",مكسيم زيتون أسود شرائح 360 غم,360,g,can,unknown,unknown,low,https://altaqwamarket-marka.com/product/298343,"Listed by Al-Taqwa Markets (Amman, Jordan). Jordanian goods reach Gaza by convoy and trade; not confirmed on a Gaza shelf"
canned_luncheon_chicken,Al Wadi,Al Wadi chicken luncheon 800 g,الوادي لانشون دجاج 800 غم,800,g,can,unknown,unknown,low,https://altaqwamarket-marka.com/product/298233,"Listed by Al-Taqwa Markets (Amman, Jordan). Jordanian goods reach Gaza by convoy and trade; not confirmed on a Gaza shelf"
canned_tomatoes,American Garden,American Garden chopped tomatoes 411 g,امريكان جاردن طماطم مقطعة 411غم,411,g,can,unknown,unknown,low,https://altaqwamarket-marka.com/product/298134,"Listed by Al-Taqwa Markets (Amman, Jordan). Jordanian goods reach Gaza by convoy and trade; not confirmed on a Gaza shelf"
canned_sweet_corn,American Garden,American Garden sweet corn 180 g,امركان جاردن ذره حلوه 180غم,180,g,can,unknown,unknown,low,https://altaqwamarket-marka.com/product/298113,"Listed by Al-Taqwa Markets (Amman, Jordan). Jordanian goods reach Gaza by convoy and trade; not confirmed on a Gaza shelf"
canned_luncheon_beef,Al Wadi,Al Wadi meat luncheon 800 g,الوادي لانشون لحم 800 غم,800,g,can,unknown,unknown,low,https://altaqwamarket-marka.com/product/294852,"Listed by Al-Taqwa Markets (Amman, Jordan). Jordanian goods reach Gaza by convoy and trade; not confirmed on a Gaza shelf"
canned_sweet_corn,American Garden,American Garden cream-style corn 418 g,أميريكان جاردن ذرة بالكريمة 418 غم,418,g,can,unknown,unknown,low,https://altaqwamarket-marka.com/product/291461,"Listed by Al-Taqwa Markets (Amman, Jordan). Jordanian goods reach Gaza by convoy and trade; not confirmed on a Gaza shelf"
canned_tuna,Rio Mare,Rio Mare light tuna in water 160 g,ريو ماري لحم تونا خفيف بالماء 160 غم,160,g,can,Italy,unknown,medium,https://altaqwamarket-marka.com/product/289280,"Listed by Al-Taqwa Markets (Amman, Jordan). Jordanian goods reach Gaza by convoy and trade; not confirmed on a Gaza shelf"
canned_tuna,Afco,"Afco tuna, hot 170 g",أفكو تونا حار 170 غم,170,g,can,unknown,unknown,low,https://altaqwamarket-marka.com/product/285147,"Listed by Al-Taqwa Markets (Amman, Jordan). Jordanian goods reach Gaza by convoy and trade; not confirmed on a Gaza shelf"
canned_chickpeas,Luna,Luna whole chickpeas 400 g,لونا حمص حب 400 غم,400,g,can,unknown,unknown,low,https://altaqwamarket-marka.com/product/283494,"Listed by Al-Taqwa Markets (Amman, Jordan). Jordanian goods reach Gaza by convoy and trade; not confirmed on a Gaza shelf"
canned_luncheon_beef,Yunium,Yunium meat luncheon 340 g,يونيوم لانشون لحم 340 غم,340,g,can,unknown,unknown,low,https://altaqwamarket-marka.com/product/282931,"Listed by Al-Taqwa Markets (Amman, Jordan). Jordanian goods reach Gaza by convoy and trade; not confirmed on a Gaza shelf"
canned_sausages,Zwan,Zwan cocktail sausages 230 g,زوان نقانق كوكتيل 230 غم,230,g,can,unknown,unknown,low,https://altaqwamarket-marka.com/product/282381,"Listed by Al-Taqwa Markets (Amman, Jordan). Jordanian goods reach Gaza by convoy and trade; not confirmed on a Gaza shelf"
canned_tuna,Maxim,Maxim smoked tuna 185 g,مكسيم تونا مدخن 185غ,185,g,can,unknown,unknown,low,https://altaqwamarket-marka.com/product/275263,"Listed by Al-Taqwa Markets (Amman, Jordan). Jordanian goods reach Gaza by convoy and trade; not confirmed on a Gaza shelf"
canned_tuna,Maxim,Maxim tuna in oil 185 g,مكسيم تونا بالزيت 185 غ,185,g,can,unknown,unknown,low,https://altaqwamarket-marka.com/product/275264,"Listed by Al-Taqwa Markets (Amman, Jordan). Jordanian goods reach Gaza by convoy and trade; not confirmed on a Gaza shelf"
canned_tuna,Maxim,"Maxim tuna, hot 185 g",مكسيم تونا حار 185غ,185,g,can,unknown,unknown,low,https://altaqwamarket-marka.com/product/275265,"Listed by Al-Taqwa Markets (Amman, Jordan). Jordanian goods reach Gaza by convoy and trade; not confirmed on a Gaza shelf"
canned_sweet_corn,Maxim,Maxim whole-kernel sweet corn 180 g,مكسيم ذرة حلوة حبة كاملة 180 غم,180,g,can,unknown,unknown,low,https://altaqwamarket-marka.com/product/275266,"Listed by Al-Taqwa Markets (Amman, Jordan). Jordanian goods reach Gaza by convoy and trade; not confirmed on a Gaza shelf"
canned_sweet_corn,Maxim,Maxim whole-kernel sweet corn 340 g,مكسيم ذرة حلوة حبة كاملة 340 غم,340,g,can,unknown,unknown,low,https://altaqwamarket-marka.com/product/275267,"Listed by Al-Taqwa Markets (Amman, Jordan). Jordanian goods reach Gaza by convoy and trade; not confirmed on a Gaza shelf"
canned_sweet_corn,Maxim,Maxim sweet corn 2125 g,مكسيم ذرة حلوة 2125 غم,2125,g,can,unknown,unknown,low,https://altaqwamarket-marka.com/product/275268,"Listed by Al-Taqwa Markets (Amman, Jordan). Jordanian goods reach Gaza by convoy and trade; not confirmed on a Gaza shelf"
canned_mushrooms,Maxim,Maxim sliced mushrooms 425 g,مكسيم فطر مقطع 425غرام,425,g,can,unknown,unknown,low,https://altaqwamarket-marka.com/product/275269,"Listed by Al-Taqwa Markets (Amman, Jordan). Jordanian goods reach Gaza by convoy and trade; not confirmed on a Gaza shelf"
canned_mushrooms,Maxim,Maxim whole mushrooms 425 g,مكسيم فطر حب 425غم,425,g,can,unknown,unknown,low,https://altaqwamarket-marka.com/product/275270,"Listed by Al-Taqwa Markets (Amman, Jordan). Jordanian goods reach Gaza by convoy and trade; not confirmed on a Gaza shelf"
canned_pineapple,Maxim,Maxim pineapple slices 565 g,مكسيم شرائح انانس 565غم,565,g,can,unknown,unknown,low,https://altaqwamarket-marka.com/product/275260,"Listed by Al-Taqwa Markets (Amman, Jordan). Jordanian goods reach Gaza by convoy and trade; not confirmed on a Gaza shelf"
canned_sardines,Maxim,Maxim sardines in hot vegetable oil 125 g,مكسيم سردين بالزيت النباتي الحار 125غم,125,g,can,unknown,unknown,low,https://altaqwamarket-marka.com/product/275261,"Listed by Al-Taqwa Markets (Amman, Jordan). Jordanian goods reach Gaza by convoy and trade; not confirmed on a Gaza shelf"
canned_sardines,Maxim,Maxim sardines in vegetable oil 125 g,مكسيم سردين بالزيت النباتي 125غم,125,g,can,unknown,unknown,low,https://altaqwamarket-marka.com/product/275262,"Listed by Al-Taqwa Markets (Amman, Jordan). Jordanian goods reach Gaza by convoy and trade; not confirmed on a Gaza shelf"
canned_tuna,Al Sayyad,Al Sayyad diet tuna in water 185 g,الصياد تونا بالماء دايت 185غم,185,g,can,unknown,unknown,low,https://altaqwamarket-marka.com/product/275206,"Listed by Al-Taqwa Markets (Amman, Jordan). Jordanian goods reach Gaza by convoy and trade; not confirmed on a Gaza shelf"
canned_tuna,Al Sayyad,"Al Sayyad tuna, hot 185 g",الصياد تونا حار 185غم,185,g,can,unknown,unknown,low,https://altaqwamarket-marka.com/product/275207,"Listed by Al-Taqwa Markets (Amman, Jordan). Jordanian goods reach Gaza by convoy and trade; not confirmed on a Gaza shelf"
canned_tuna,Al Sayyad,Al Sayyad tuna in sunflower oil 170 g,الصياد تونا بزيت دوار الشمس 170غم,170,g,can,unknown,unknown,low,https://altaqwamarket-marka.com/product/275208,"Listed by Al-Taqwa Markets (Amman, Jordan). Jordanian goods reach Gaza by convoy and trade; not confirmed on a Gaza shelf"
canned_tuna,Al Sayyad,Al Sayyad tuna 160 g,الصياد تونا 160 غم,160,g,can,unknown,unknown,low,https://altaqwamarket-marka.com/product/289336,"Listed by Al-Taqwa Markets (Amman, Jordan). Jordanian goods reach Gaza by convoy and trade; not confirmed on a Gaza shelf"
canned_sardines,Al Sayyad,"Al Sayyad sardines, hot 125 g",الصياد سردين حار 125غم,125,g,can,unknown,unknown,low,https://altaqwamarket-marka.com/product/271109,"Listed by Al-Taqwa Markets (Amman, Jordan). Jordanian goods reach Gaza by convoy and trade; not confirmed on a Gaza shelf"
canned_mushrooms,Al Sayyad,Al Sayyad whole mushrooms 400 g,الصياد فطر حبة كاملة 400غم,400,g,can,unknown,unknown,low,https://altaqwamarket-marka.com/product/487499,"Listed by Al-Taqwa Markets (Amman, Jordan). Jordanian goods reach Gaza by convoy and trade; not confirmed on a Gaza shelf"
canned_sardines,Milo,Milo sardines in oil 125 g,ميلو سردين بالزيت 125غم,125,g,can,unknown,unknown,low,https://altaqwamarket-marka.com/product/275058,"Listed by Al-Taqwa Markets (Amman, Jordan). Jordanian goods reach Gaza by convoy and trade; not confirmed on a Gaza shelf"
canned_sardines,Milo,"Milo sardines, hot 125 g",ميلو سردين حار 125غم,125,g,can,unknown,unknown,low,https://altaqwamarket-marka.com/product/275057,"Listed by Al-Taqwa Markets (Amman, Jordan). Jordanian goods reach Gaza by convoy and trade; not confirmed on a Gaza shelf"
canned_chickpeas,Al Kasih,Al Kasih whole chickpeas 440 g,الكسيح حمص حب 440 غم,440,g,can,Jordan,unknown,medium,https://altaqwamarket-marka.com/product/275051,"Listed by Al-Taqwa Markets (Amman, Jordan). Jordanian goods reach Gaza by convoy and trade; not confirmed on a Gaza shelf"
canned_fava,Al Kasih,Al Kasih ful medames with hot pepper 390 g,الكسيح فول مدمس بالفلفل الحار 390 غم,390,g,can,Jordan,unknown,medium,https://altaqwamarket-marka.com/product/275052,"Listed by Al-Taqwa Markets (Amman, Jordan). Jordanian goods reach Gaza by convoy and trade; not confirmed on a Gaza shelf"
canned_fava,Al Kasih,"Al Kasih ful medames, large bean 390 g",فول مدمس الكسيح حبة كبيرة 390 غم,390,g,can,Jordan,unknown,medium,https://altaqwamarket-marka.com/product/275053,"Listed by Al-Taqwa Markets (Amman, Jordan). Jordanian goods reach Gaza by convoy and trade; not confirmed on a Gaza shelf"
canned_hummus_tahini,Al Kasih,Al Kasih hummus with tahini 135 g,الكسيح حمص بالطحينية 135غم,135,g,can,Jordan,unknown,medium,https://altaqwamarket-marka.com/product/275055,"Listed by Al-Taqwa Markets (Amman, Jordan). Jordanian goods reach Gaza by convoy and trade; not confirmed on a Gaza shelf"
canned_hummus_tahini,Al Kasih,Al Kasih creamy hummus with tahini 80 g,الكسيح حمص بالطحينة كريمي 80غ,80,g,can,Jordan,unknown,medium,https://altaqwamarket-marka.com/product/714745,"Listed by Al-Taqwa Markets (Amman, Jordan). Jordanian goods reach Gaza by convoy and trade; not confirmed on a Gaza shelf"
tomato_paste,Al Kasih,Al Kasih tomato paste 135 g,الكسيح معجون طماطم 135غ,135,g,can,Jordan,unknown,medium,https://altaqwamarket-marka.com/product/275050,"Listed by Al-Taqwa Markets (Amman, Jordan). Jordanian goods reach Gaza by convoy and trade; not confirmed on a Gaza shelf"
black_olives,Al Kasih,"Al Kasih black olives, sliced 340 g",الكسيح زيتون اسود مقطع340غ,340,g,can,Jordan,unknown,medium,https://altaqwamarket-marka.com/product/514628,"Listed by Al-Taqwa Markets (Amman, Jordan). Jordanian goods reach Gaza by convoy and trade; not confirmed on a Gaza shelf"
canned_mushrooms,Al Kasih,Al Kasih whole mushrooms 320 g,الكسيح فطر حب 320غم,320,g,can,Jordan,unknown,medium,https://altaqwamarket-marka.com/product/514625,"Listed by Al-Taqwa Markets (Amman, Jordan). Jordanian goods reach Gaza by convoy and trade; not confirmed on a Gaza shelf"
canned_mushrooms,Al Kasih,Al Kasih sliced mushrooms 340 g,الكسيح فطر مقطع 340غم,340,g,can,Jordan,unknown,medium,https://altaqwamarket-marka.com/product/509539,"Listed by Al-Taqwa Markets (Amman, Jordan). Jordanian goods reach Gaza by convoy and trade; not confirmed on a Gaza shelf"
canned_sweet_corn,Al Kasih,Al Kasih sweet corn 340 g,الكسيح ذرة حلوة 340غم,340,g,can,Jordan,unknown,medium,https://altaqwamarket-marka.com/product/500721,"Listed by Al-Taqwa Markets (Amman, Jordan). Jordanian goods reach Gaza by convoy and trade; not confirmed on a Gaza shelf"
lupini_beans,Al Kasih,Al Kasih lupini beans 390 g,الكسيح ترمس 390غم,390,g,jar,Jordan,unknown,medium,https://altaqwamarket-marka.com/product/275048,"Listed by Al-Taqwa Markets (Amman, Jordan). Jordanian goods reach Gaza by convoy and trade; not confirmed on a Gaza shelf"
lupini_beans,Al Kasih,Al Kasih lupini beans 340 g,الكسيح ترمس 340غم,340,g,jar,Jordan,unknown,medium,https://altaqwamarket-marka.com/product/529086,"Listed by Al-Taqwa Markets (Amman, Jordan). Jordanian goods reach Gaza by convoy and trade; not confirmed on a Gaza shelf"
tomato_paste,Al Durra,Al Durra tomato paste 1375 g,الدرة معجون الطماطم 1375 غم,1375,g,can,Jordan,unknown,medium,https://altaqwamarket-marka.com/product/275019,"Listed by Al-Taqwa Markets (Amman, Jordan). Jordanian goods reach Gaza by convoy and trade; not confirmed on a Gaza shelf"
tomato_paste,Al Durra,Al Durra tomato paste 375 g,الدرة معجون الطماطم 375غم,375,g,can,Jordan,unknown,medium,https://altaqwamarket-marka.com/product/368624,"Listed by Al-Taqwa Markets (Amman, Jordan). Jordanian goods reach Gaza by convoy and trade; not confirmed on a Gaza shelf"
canned_tuna,Al Durra,Al Durra tuna 160 g,الدرة تونا 160 غم,160,g,can,Jordan,unknown,medium,https://altaqwamarket-marka.com/product/275004,"Listed by Al-Taqwa Markets (Amman, Jordan). Jordanian goods reach Gaza by convoy and trade; not confirmed on a Gaza shelf"
canned_tuna,Al Durra,"Al Durra tuna, hot 160 g",الدرة تونا حار 160غم,160,g,can,Jordan,unknown,medium,https://altaqwamarket-marka.com/product/275005,"Listed by Al-Taqwa Markets (Amman, Jordan). Jordanian goods reach Gaza by convoy and trade; not confirmed on a Gaza shelf"
canned_tuna,Al Durra,Al Durra white tuna in vegetable oil 165 g,تونا الدرة ابيض حلو بالزيت النباتي 165غم,165,g,can,Jordan,unknown,medium,https://altaqwamarket-marka.com/product/274327,"Listed by Al-Taqwa Markets (Amman, Jordan). Jordanian goods reach Gaza by convoy and trade; not confirmed on a Gaza shelf"
canned_tuna,Al Durra,"Al Durra white tuna, large chunks 160 g",الدرة تونا ابيض قطع كبيرة 160غ,160,g,can,Jordan,unknown,medium,https://altaqwamarket-marka.com/product/274324,"Listed by Al-Taqwa Markets (Amman, Jordan). Jordanian goods reach Gaza by convoy and trade; not confirmed on a Gaza shelf"
canned_luncheon_chicken,Al Durra,Al Durra chicken luncheon 340 g,الدرة لانشون دجاج 340غم,340,g,can,Jordan,unknown,medium,https://altaqwamarket-marka.com/product/570557,"Listed by Al-Taqwa Markets (Amman, Jordan). Jordanian goods reach Gaza by convoy and trade; not confirmed on a Gaza shelf"
canned_luncheon_chicken,Al Durra,Al Durra chicken luncheon 800 g,الدرة لانشون دجاج 800غرام,800,g,can,Jordan,unknown,medium,https://altaqwamarket-marka.com/product/397951,"Listed by Al-Taqwa Markets (Amman, Jordan). Jordanian goods reach Gaza by convoy and trade; not confirmed on a Gaza shelf"
canned_sardines,Al Durra,Al Durra sardines with hot pepper 125 g,الدرة سردين فلفل حار 125غ,125,g,can,Jordan,unknown,medium,https://altaqwamarket-marka.com/product/522295,"Listed by Al-Taqwa Markets (Amman, Jordan). Jordanian goods reach Gaza by convoy and trade; not confirmed on a Gaza shelf"
canned_sardines,Al Durra,Al Durra sardines in oil 125 g,الدرة سردين بالزيت 125غرام,125,g,can,Jordan,unknown,medium,https://altaqwamarket-marka.com/product/376441,"Listed by Al-Taqwa Markets (Amman, Jordan). Jordanian goods reach Gaza by convoy and trade; not confirmed on a Gaza shelf"
canned_hummus_tahini,Al Durra,Al Durra hummus with tahini 220 g,الدرة حمص بطحينة 220غ,220,g,can,Jordan,unknown,medium,https://altaqwamarket-marka.com/product/337613,"Listed by Al-Taqwa Markets (Amman, Jordan). Jordanian goods reach Gaza by convoy and trade; not confirmed on a Gaza shelf"
pickled_cucumber,Al Durra,Al Durra pickled cucumbers 710 g,الدرة مخلل خيار 710غم,710,g,jar,Jordan,unknown,medium,https://altaqwamarket-marka.com/product/337610,"Listed by Al-Taqwa Markets (Amman, Jordan). Jordanian goods reach Gaza by convoy and trade; not confirmed on a Gaza shelf"
canned_stuffed_vine_leaves,Al Durra,Al Durra stuffed vine leaves 400 g,الدرة ورق عنب محشي 400غم,400,g,can,Jordan,unknown,medium,https://altaqwamarket-marka.com/product/275006,"Listed by Al-Taqwa Markets (Amman, Jordan). Jordanian goods reach Gaza by convoy and trade; not confirmed on a Gaza shelf"
canned_stuffed_vine_leaves,Al Durra,Al Durra stuffed vine leaves 1900 g,الدرة ورق عنب محشي 1900غم,1900,g,can,Jordan,unknown,medium,https://altaqwamarket-marka.com/product/495860,"Listed by Al-Taqwa Markets (Amman, Jordan). Jordanian goods reach Gaza by convoy and trade; not confirmed on a Gaza shelf"
canned_mushrooms,Al Durra,Al Durra sliced mushrooms 400 g,الدرة فطر شرائح 400غم,400,g,can,Jordan,unknown,medium,https://altaqwamarket-marka.com/product/473830,"Listed by Al-Taqwa Markets (Amman, Jordan). Jordanian goods reach Gaza by convoy and trade; not confirmed on a Gaza shelf"
canned_sweet_corn,Al Durra,Al Durra sweet corn kernels 2.95 kg,الدرة حبات الذرة الحلوة 2.950كغم,2950,g,can,Jordan,unknown,medium,https://altaqwamarket-marka.com/product/408202,"Listed by Al-Taqwa Markets (Amman, Jordan). Jordanian goods reach Gaza by convoy and trade; not confirmed on a Gaza shelf"
canned_chickpeas,Al Durra,Al Durra boiled chickpeas 400 g,الدرة حمص حب مسلوق 400غم,400,g,can,Jordan,unknown,medium,https://altaqwamarket-marka.com/product/274319,"Listed by Al-Taqwa Markets (Amman, Jordan). Jordanian goods reach Gaza by convoy and trade; not confirmed on a Gaza shelf"
canned_fava,Al Durra,Al Durra ful bajela 400 g,الدرة فول باجيلا 400 غم,400,g,can,Jordan,unknown,medium,https://altaqwamarket-marka.com/product/274326,"Listed by Al-Taqwa Markets (Amman, Jordan). Jordanian goods reach Gaza by convoy and trade; not confirmed on a Gaza shelf"
vine_leaves_jarred,Al Kilani,Al Kilani vine leaves extra 908 g,الكيلاني ورق عنب اكسترا 908 غم,908,g,jar,unknown,unknown,low,https://altaqwamarket-marka.com/product/274884,"Listed by Al-Taqwa Markets (Amman, Jordan). Jordanian goods reach Gaza by convoy and trade; not confirmed on a Gaza shelf"
canned_sausages,Yunium,Yunium chicken hot dogs 415 g,يونيوم هوت دوغ دجاج 415غم,415,g,can,unknown,unknown,low,https://altaqwamarket-marka.com/product/274617,"Listed by Al-Taqwa Markets (Amman, Jordan). Jordanian goods reach Gaza by convoy and trade; not confirmed on a Gaza shelf"
canned_sausages,Yunium,Yunium beef hot dogs 415 g,يونيوم هوت دوغ بقري 415غم,415,g,can,unknown,unknown,low,https://altaqwamarket-marka.com/product/274618,"Listed by Al-Taqwa Markets (Amman, Jordan). Jordanian goods reach Gaza by convoy and trade; not confirmed on a Gaza shelf"
canned_luncheon_chicken,Yunium,Yunium chicken luncheon 340 g,يونيوم لانشون دجاج 340غم,340,g,can,unknown,unknown,low,https://altaqwamarket-marka.com/product/274620,"Listed by Al-Taqwa Markets (Amman, Jordan). Jordanian goods reach Gaza by convoy and trade; not confirmed on a Gaza shelf"
canned_luncheon_chicken,Yunium,Yunium chicken luncheon 200 g,يونيوم لانشون دجاج 200غم,200,g,can,unknown,unknown,low,https://altaqwamarket-marka.com/product/274621,"Listed by Al-Taqwa Markets (Amman, Jordan). Jordanian goods reach Gaza by convoy and trade; not confirmed on a Gaza shelf"
canned_luncheon_chicken,Yunium,Yunium chicken luncheon 800 g,يونيوم لانشون دجاج 800 غم,800,g,can,unknown,unknown,low,https://altaqwamarket-marka.com/product/273977,"Listed by Al-Taqwa Markets (Amman, Jordan). Jordanian goods reach Gaza by convoy and trade; not confirmed on a Gaza shelf"
canned_luncheon_beef,Yunium,Yunium meat luncheon 200 g,يونيوم لانشون لحم 200 غم,200,g,can,unknown,unknown,low,https://altaqwamarket-marka.com/product/274622,"Listed by Al-Taqwa Markets (Amman, Jordan). Jordanian goods reach Gaza by convoy and trade; not confirmed on a Gaza shelf"
canned_luncheon_beef,Yunium,Yunium meat luncheon 800 g,يونيوم لحم لانشون 800 غم,800,g,can,unknown,unknown,low,https://altaqwamarket-marka.com/product/294874,"Listed by Al-Taqwa Markets (Amman, Jordan). Jordanian goods reach Gaza by convoy and trade; not confirmed on a Gaza shelf"
canned_fava,Zalloum,Zalloum ful 400 g,فول زلوم 400 غم,400,g,can,Jordan,unknown,medium,https://altaqwamarket-marka.com/product/274519,"Listed by Al-Taqwa Markets (Amman, Jordan). Jordanian goods reach Gaza by convoy and trade; not confirmed on a Gaza shelf"
canned_fava,Zalloum,"Zalloum ful medames, large bean, pouch 390 g",زلوم فول مدمس حبة كبيرة كيس390غ,390,g,pouch,Jordan,unknown,medium,https://altaqwamarket-marka.com/product/519233,"Listed by Al-Taqwa Markets (Amman, Jordan). Jordanian goods reach Gaza by convoy and trade; not confirmed on a Gaza shelf"
canned_fava,Zalloum,Zalloum ful medames pouch 135 g,زلوم فول مدمس كيس 135 غم,135,g,pouch,Jordan,unknown,medium,https://altaqwamarket-marka.com/product/475183,"Listed by Al-Taqwa Markets (Amman, Jordan). Jordanian goods reach Gaza by convoy and trade; not confirmed on a Gaza shelf"
canned_hummus_tahini,Zalloum,Zalloum hummus with tahini and beetroot 135 g,زلوم حمص بالطحينة مع شمندر 135غ,135,g,can,Jordan,unknown,medium,https://altaqwamarket-marka.com/product/475186,"Listed by Al-Taqwa Markets (Amman, Jordan). Jordanian goods reach Gaza by convoy and trade; not confirmed on a Gaza shelf"
canned_hummus_tahini,Zalloum,Zalloum hummus with tahini and avocado 135 g,زلوم حمص بالطحينة مع الافوكادو135غ,135,g,can,Jordan,unknown,medium,https://altaqwamarket-marka.com/product/475185,"Listed by Al-Taqwa Markets (Amman, Jordan). Jordanian goods reach Gaza by convoy and trade; not confirmed on a Gaza shelf"
canned_hummus_tahini,Zalloum,Zalloum hummus with tahini and basil 135 g,زلوم حمص بالطحينة مع ريحان135غ,135,g,can,Jordan,unknown,medium,https://altaqwamarket-marka.com/product/475184,"Listed by Al-Taqwa Markets (Amman, Jordan). Jordanian goods reach Gaza by convoy and trade; not confirmed on a Gaza shelf"
canned_moutabal,Zalloum,Zalloum aubergine moutabal 135 g,زلوم متبل الباذنجان 135غم,135,g,can,Jordan,unknown,medium,https://altaqwamarket-marka.com/product/508719,"Listed by Al-Taqwa Markets (Amman, Jordan). Jordanian goods reach Gaza by convoy and trade; not confirmed on a Gaza shelf"
canned_mushrooms,Newland,Newland sliced mushrooms 400 g,نيولاند فطر مقطع 400غم,400,g,can,unknown,unknown,low,https://altaqwamarket-marka.com/product/274439,"Listed by Al-Taqwa Markets (Amman, Jordan). Jordanian goods reach Gaza by convoy and trade; not confirmed on a Gaza shelf"
black_olives,Newland,"Newland black olives, sliced 345 g",نيولاند زيتون اسود مقطع 345غم,345,g,can,unknown,unknown,low,https://altaqwamarket-marka.com/product/274440,"Listed by Al-Taqwa Markets (Amman, Jordan). Jordanian goods reach Gaza by convoy and trade; not confirmed on a Gaza shelf"
black_olives,Newland,Newland whole Spanish black olives 345 g,نيولاند زيتون اسود اسباني كامل 345غم,345,g,can,unknown,unknown,low,https://altaqwamarket-marka.com/product/384746,"Listed by Al-Taqwa Markets (Amman, Jordan). Jordanian goods reach Gaza by convoy and trade; not confirmed on a Gaza shelf"
canned_tomatoes,Newland,Newland chopped tomatoes 400 g,نيولاند قطع طماطم مقطعة 400غ,400,g,can,unknown,unknown,low,https://altaqwamarket-marka.com/product/514578,"Listed by Al-Taqwa Markets (Amman, Jordan). Jordanian goods reach Gaza by convoy and trade; not confirmed on a Gaza shelf"
canned_tomatoes,Newland,Newland peeled tomatoes 400 g,نيولاند طماطم مقشرة 400غ,400,g,can,unknown,unknown,low,https://altaqwamarket-marka.com/product/527480,"Listed by Al-Taqwa Markets (Amman, Jordan). Jordanian goods reach Gaza by convoy and trade; not confirmed on a Gaza shelf"
canned_luncheon_beef,Newland,Newland beef luncheon 800 g,نيولاند لانشون بقري 800غم,800,g,can,unknown,unknown,low,https://altaqwamarket-marka.com/product/509692,"Listed by Al-Taqwa Markets (Amman, Jordan). Jordanian goods reach Gaza by convoy and trade; not confirmed on a Gaza shelf"
canned_luncheon_beef,Newland,Newland beef luncheon 340 g,نيولاند لانشون بقري 340غم,340,g,can,unknown,unknown,low,https://altaqwamarket-marka.com/product/384766,"Listed by Al-Taqwa Markets (Amman, Jordan). Jordanian goods reach Gaza by convoy and trade; not confirmed on a Gaza shelf"
canned_luncheon_chicken,Newland,Newland chicken luncheon 850 g,نيولاند لانشون دجاج 850غم,850,g,can,unknown,unknown,low,https://altaqwamarket-marka.com/product/529889,"Listed by Al-Taqwa Markets (Amman, Jordan). Jordanian goods reach Gaza by convoy and trade; not confirmed on a Gaza shelf"
canned_beetroot,Newland,Newland sliced beetroot 425 g,نيولاند شرائح الشمندر 425غم,425,g,can,unknown,unknown,low,https://altaqwamarket-marka.com/product/474258,"Listed by Al-Taqwa Markets (Amman, Jordan). Jordanian goods reach Gaza by convoy and trade; not confirmed on a Gaza shelf"
canned_red_kidney_beans,Newland,Newland red kidney beans 400 g,فاصوليا حمراء نيو لاند 400 غم,400,g,can,unknown,unknown,low,https://altaqwamarket-marka.com/product/393936,"Listed by Al-Taqwa Markets (Amman, Jordan). Jordanian goods reach Gaza by convoy and trade; not confirmed on a Gaza shelf"
canned_fruit_cocktail,Newland,Newland mixed fruit in light syrup 410 g,نيولاند فواكه مشكلة بالشراب الخفيف 410غم,410,g,can,unknown,unknown,low,https://altaqwamarket-marka.com/product/393935,"Listed by Al-Taqwa Markets (Amman, Jordan). Jordanian goods reach Gaza by convoy and trade; not confirmed on a Gaza shelf"
canned_sweet_corn,Newland,Newland sweet corn 425 g,نيولاند ذرة حلوة 425 غم,425,g,can,unknown,unknown,low,https://altaqwamarket-marka.com/product/393937,"Listed by Al-Taqwa Markets (Amman, Jordan). Jordanian goods reach Gaza by convoy and trade; not confirmed on a Gaza shelf"
canned_sweet_corn,Newland,Newland sweet corn 170 g,ذرة حلوة نيو لاند 170 غم,170,g,can,unknown,unknown,low,https://altaqwamarket-marka.com/product/387926,"Listed by Al-Taqwa Markets (Amman, Jordan). Jordanian goods reach Gaza by convoy and trade; not confirmed on a Gaza shelf"
canned_white_beans,Newland,Newland large white beans 439 g,نيولاند فاصوليا بيضاء كبيره 439 غرام,439,g,can,unknown,unknown,low,https://altaqwamarket-marka.com/product/500807,"Listed by Al-Taqwa Markets (Amman, Jordan). Jordanian goods reach Gaza by convoy and trade; not confirmed on a Gaza shelf"
canned_luncheon_chicken,Al Wadi,Al Wadi chicken luncheon 200 g,الوادي لانشون دجاج 200غم,200,g,can,unknown,unknown,low,https://altaqwamarket-marka.com/product/274411,"Listed by Al-Taqwa Markets (Amman, Jordan). Jordanian goods reach Gaza by convoy and trade; not confirmed on a Gaza shelf"
canned_luncheon_beef,Al Wadi,Al Wadi meat luncheon 200 g,الوادي لانشون لحم 200غم,200,g,can,unknown,unknown,low,https://altaqwamarket-marka.com/product/274412,"Listed by Al-Taqwa Markets (Amman, Jordan). Jordanian goods reach Gaza by convoy and trade; not confirmed on a Gaza shelf"
canned_corned_beef,Extra,Extra canned meat 198 g,اكسترا لحم 198 غم,198,g,can,unknown,unknown,low,https://altaqwamarket-marka.com/product/274308,"Listed by Al-Taqwa Markets (Amman, Jordan). Jordanian goods reach Gaza by convoy and trade; not confirmed on a Gaza shelf"
canned_tuna,Postman,Postman tuna in vegetable oil with pepper 160 g,بوستمان تونا بالزيت النباتي و الفلفل 160 غم,160,g,can,unknown,unknown,low,https://altaqwamarket-marka.com/product/273905,"Listed by Al-Taqwa Markets (Amman, Jordan). Jordanian goods reach Gaza by convoy and trade; not confirmed on a Gaza shelf"
canned_tuna,Postman,Postman light tuna in oil 170 g,بوستمان تونا لايت بالزيت 170 غم,170,g,can,unknown,unknown,low,https://altaqwamarket-marka.com/product/368631,"Listed by Al-Taqwa Markets (Amman, Jordan). Jordanian goods reach Gaza by convoy and trade; not confirmed on a Gaza shelf"
canned_sweet_corn,Postman,Postman sweet corn 150 g,بوستمان ذرة حلوة 150غرام,150,g,can,unknown,unknown,low,https://altaqwamarket-marka.com/product/393456,"Listed by Al-Taqwa Markets (Amman, Jordan). Jordanian goods reach Gaza by convoy and trade; not confirmed on a Gaza shelf"
canned_mushrooms,Postman,Postman sliced mushrooms 400 g,فطر بوستمان مقطع 400غم,400,g,can,unknown,unknown,low,https://altaqwamarket-marka.com/product/336385,"Listed by Al-Taqwa Markets (Amman, Jordan). Jordanian goods reach Gaza by convoy and trade; not confirmed on a Gaza shelf"
canned_mushrooms,Postman,Postman whole mushrooms 400 g,بوستمان فطر حب 400غم,400,g,can,unknown,unknown,low,https://altaqwamarket-marka.com/product/505905,"Listed by Al-Taqwa Markets (Amman, Jordan). Jordanian goods reach Gaza by convoy and trade; not confirmed on a Gaza shelf"
canned_red_kidney_beans,Luna,Luna red kidney beans 400 g,لونا فاصوليا حمراء 400غم,400,g,can,unknown,unknown,low,https://altaqwamarket-marka.com/product/272630,"Listed by Al-Taqwa Markets (Amman, Jordan). Jordanian goods reach Gaza by convoy and trade; not confirmed on a Gaza shelf"
canned_beans_tomato,Luna,Luna beans in tomato sauce 400 g,لونا فاصوليا بالطماطم 400غم,400,g,can,unknown,unknown,low,https://altaqwamarket-marka.com/product/272631,"Listed by Al-Taqwa Markets (Amman, Jordan). Jordanian goods reach Gaza by convoy and trade; not confirmed on a Gaza shelf"
canned_white_beans,Luna,Luna white beans 400 g,لونا فاصوليا بيضاء 400غم,400,g,can,unknown,unknown,low,https://altaqwamarket-marka.com/product/272632,"Listed by Al-Taqwa Markets (Amman, Jordan). Jordanian goods reach Gaza by convoy and trade; not confirmed on a Gaza shelf"
canned_peas,Luna,Luna peas 400 g,لونا بازيلاء 400غم,400,g,can,unknown,unknown,low,https://altaqwamarket-marka.com/product/272633,"Listed by Al-Taqwa Markets (Amman, Jordan). Jordanian goods reach Gaza by convoy and trade; not confirmed on a Gaza shelf"
canned_beans_tomato,American Garden,American Garden beans in sauce 420 g,اميركان فاصوليا بالصلصة 420غرام,420,g,can,unknown,unknown,low,https://altaqwamarket-marka.com/product/271930,"Listed by Al-Taqwa Markets (Amman, Jordan). Jordanian goods reach Gaza by convoy and trade; not confirmed on a Gaza shelf"
canned_beetroot,American Garden,American Garden sliced beetroot 425 g,امريكان جاردن شمندر شرائح 425 غم,425,g,can,unknown,unknown,low,https://altaqwamarket-marka.com/product/271933,"Listed by Al-Taqwa Markets (Amman, Jordan). Jordanian goods reach Gaza by convoy and trade; not confirmed on a Gaza shelf"
canned_tomatoes,American Garden,American Garden whole tomatoes 411 g,امريكان جاردن طماطم كاملة 411غم,411,g,can,unknown,unknown,low,https://altaqwamarket-marka.com/product/271908,"Listed by Al-Taqwa Markets (Amman, Jordan). Jordanian goods reach Gaza by convoy and trade; not confirmed on a Gaza shelf"
canned_mushrooms,American Garden,American Garden sliced mushrooms 425 g,امريكان جاردن فطر مقطع 425غم,425,g,can,unknown,unknown,low,https://altaqwamarket-marka.com/product/271891,"Listed by Al-Taqwa Markets (Amman, Jordan). Jordanian goods reach Gaza by convoy and trade; not confirmed on a Gaza shelf"
canned_mushrooms,American Garden,American Garden whole mushrooms 425 g,امريكان جاردن فطر كامل 425غم,425,g,can,unknown,unknown,low,https://altaqwamarket-marka.com/product/271892,"Listed by Al-Taqwa Markets (Amman, Jordan). Jordanian goods reach Gaza by convoy and trade; not confirmed on a Gaza shelf"
canned_sweet_corn,American Garden,American Garden corn 340 g,امريكان جاردن ذرة 340غم,340,g,can,unknown,unknown,low,https://altaqwamarket-marka.com/product/271894,"Listed by Al-Taqwa Markets (Amman, Jordan). Jordanian goods reach Gaza by convoy and trade; not confirmed on a Gaza shelf"
pickled_cucumber,American Garden,American Garden dill pickle slices 500 g,أميريكان جاردن شرائح مخلل خيار بنكهة الشبت 500 غم,500,g,jar,unknown,unknown,low,https://altaqwamarket-marka.com/product/291653,"Listed by Al-Taqwa Markets (Amman, Jordan). Jordanian goods reach Gaza by convoy and trade; not confirmed on a Gaza shelf"
canned_tuna_mix,Rio Mare,Rio Mare Insalatissime Mexican tuna salad 160 g,ريو ماري سالاتونا المكسيكية 160 غم,160,g,can,Italy,unknown,medium,https://altaqwamarket-marka.com/product/271688,"Listed by Al-Taqwa Markets (Amman, Jordan). Jordanian goods reach Gaza by convoy and trade; not confirmed on a Gaza shelf"
canned_tuna_mix,Rio Mare,Rio Mare tuna salad with corn 160 g,ريو ماري سالاتونة خلطة الذرة 160 غم,160,g,can,Italy,unknown,medium,https://altaqwamarket-marka.com/product/291659,"Listed by Al-Taqwa Markets (Amman, Jordan). Jordanian goods reach Gaza by convoy and trade; not confirmed on a Gaza shelf"
black_olives,Acorsa,"Acorsa black olives, sliced 350 g",اكورسا زيتون اسود شرائح 350غم,350,g,can,Spain,unknown,medium,https://altaqwamarket-marka.com/product/271570,"Listed by Al-Taqwa Markets (Amman, Jordan). Jordanian goods reach Gaza by convoy and trade; not confirmed on a Gaza shelf"
black_olives,Acorsa,"Acorsa black olives, sliced, jar 470 g",اكورسا زيتون أسود شرائح مرتبان470غ,470,g,jar,Spain,unknown,medium,https://altaqwamarket-marka.com/product/569223,"Listed by Al-Taqwa Markets (Amman, Jordan). Jordanian goods reach Gaza by convoy and trade; not confirmed on a Gaza shelf"
green_olives,Acorsa,Acorsa green olives stuffed with carrot 470 g,اكورسا زيتون اخضر محشي جزر 470غ,470,g,jar,Spain,unknown,medium,https://altaqwamarket-marka.com/product/569222,"Listed by Al-Taqwa Markets (Amman, Jordan). Jordanian goods reach Gaza by convoy and trade; not confirmed on a Gaza shelf"
green_olives,Acorsa,Acorsa stuffed green olives 240 g,اكورسا زيتون اخضر محشي 240غ,240,g,jar,Spain,unknown,medium,https://altaqwamarket-marka.com/product/569221,"Listed by Al-Taqwa Markets (Amman, Jordan). Jordanian goods reach Gaza by convoy and trade; not confirmed on a Gaza shelf"
canned_luncheon_chicken,Zwan,Zwan chicken luncheon 340 g,زوان لحم لانشون الدجاج 340 غم,340,g,can,unknown,unknown,low,https://altaqwamarket-marka.com/product/271316,"Listed by Al-Taqwa Markets (Amman, Jordan). Jordanian goods reach Gaza by convoy and trade; not confirmed on a Gaza shelf"
canned_luncheon_beef,Zwan,Zwan beef luncheon 340 g,زوان لحم لنشون بقر340غم,340,g,can,unknown,unknown,low,https://altaqwamarket-marka.com/product/271308,"Listed by Al-Taqwa Markets (Amman, Jordan). Jordanian goods reach Gaza by convoy and trade; not confirmed on a Gaza shelf"
canned_luncheon_chicken,Zwan,Zwan chicken luncheon 850 g,زوان لحم لانشون دجاج 850غم,850,g,can,unknown,unknown,low,https://altaqwamarket-marka.com/product/271311,"Listed by Al-Taqwa Markets (Amman, Jordan). Jordanian goods reach Gaza by convoy and trade; not confirmed on a Gaza shelf"
canned_sausages,Zwan,Zwan chicken hot dogs 230 g,زوان هوت دوغ سجق دجاج 230غم,230,g,can,unknown,unknown,low,https://altaqwamarket-marka.com/product/271310,"Listed by Al-Taqwa Markets (Amman, Jordan). Jordanian goods reach Gaza by convoy and trade; not confirmed on a Gaza shelf"
canned_sausages,Lan,Lan chicken hot dogs 400 g,لان نقانق هوت دوغ دجاج 400غم,400,g,can,unknown,unknown,low,https://altaqwamarket-marka.com/product/271317,"Listed by Al-Taqwa Markets (Amman, Jordan). Jordanian goods reach Gaza by convoy and trade; not confirmed on a Gaza shelf"
canned_sausages,La Casa,La Casa chicken hot dogs 380 g,لاكاسا هوت دوغ دجاج 380غ,380,g,can,unknown,unknown,low,https://altaqwamarket-marka.com/product/391609,"Listed by Al-Taqwa Markets (Amman, Jordan). Jordanian goods reach Gaza by convoy and trade; not confirmed on a Gaza shelf"
canned_sausages,Hot Crispy,Hot Crispy chicken sausages 400 g,هوت كريسبي نقانق دجاج 400غ,400,g,can,unknown,unknown,low,https://altaqwamarket-marka.com/product/747703,"Listed by Al-Taqwa Markets (Amman, Jordan). Jordanian goods reach Gaza by convoy and trade; not confirmed on a Gaza shelf; Listed under canned goods but the brand also sells chilled sausages; check the label for a fridge warning"
canned_tuna,Sun Bell,Sun Bell tuna with hot pepper 170 g,صن بل لحم تونا بالفلفل الحار 170غم,170,g,can,unknown,unknown,low,https://altaqwamarket-marka.com/product/271236,"Listed by Al-Taqwa Markets (Amman, Jordan). Jordanian goods reach Gaza by convoy and trade; not confirmed on a Gaza shelf"
canned_tuna,Sun Bell,Sun Bell light tuna in vegetable oil 170 g,صن بل تونا خفيف بالزيت النباتي 170غم,170,g,can,unknown,unknown,low,https://altaqwamarket-marka.com/product/273390,"Listed by Al-Taqwa Markets (Amman, Jordan). Jordanian goods reach Gaza by convoy and trade; not confirmed on a Gaza shelf"
canned_sardines,525,525 Moroccan sardines in oil 125 g,سردين 525 مغربي بالزيت 125 غم,125,g,can,Morocco,unknown,medium,https://altaqwamarket-marka.com/product/750923,"Listed by Al-Taqwa Markets (Amman, Jordan). Jordanian goods reach Gaza by convoy and trade; not confirmed on a Gaza shelf"
canned_sardines,525,525 Moroccan sardines with pepper 125 g,سردين 525 مغربي بالفلفل 125 غم,125,g,can,Morocco,unknown,medium,https://altaqwamarket-marka.com/product/563364,"Listed by Al-Taqwa Markets (Amman, Jordan). Jordanian goods reach Gaza by convoy and trade; not confirmed on a Gaza shelf"
canned_sardines,Sidi Daoud,Sidi Daoud sardines in olive oil 120 g,سيدي داود سردين بزيت الزيتون 120غ,120,g,can,Tunisia,unknown,medium,https://altaqwamarket-marka.com/product/749577,"Listed by Al-Taqwa Markets (Amman, Jordan). Jordanian goods reach Gaza by convoy and trade; not confirmed on a Gaza shelf"
canned_sardines,Sidi Daoud,Sidi Daoud sardines with lemon 120 g,سيدي داود سردين بالليمون 120غ,120,g,can,Tunisia,unknown,medium,https://altaqwamarket-marka.com/product/749575,"Listed by Al-Taqwa Markets (Amman, Jordan). Jordanian goods reach Gaza by convoy and trade; not confirmed on a Gaza shelf"
canned_sardines,Sidi Daoud,Sidi Daoud sardines with harissa 120 g,سيدي داود سردين بالهريسة 120غ,120,g,can,Tunisia,unknown,medium,https://altaqwamarket-marka.com/product/749574,"Listed by Al-Taqwa Markets (Amman, Jordan). Jordanian goods reach Gaza by convoy and trade; not confirmed on a Gaza shelf"
canned_sweet_corn,Emirates Gardens,Emirates Gardens family-size corn 2400 g,حدائق الامرات ذرة عائلي 2400غ,2400,g,can,unknown,unknown,low,https://altaqwamarket-marka.com/product/715268,"Listed by Al-Taqwa Markets (Amman, Jordan). Jordanian goods reach Gaza by convoy and trade; not confirmed on a Gaza shelf"
canned_tuna,Emirates Gardens,Emirates Gardens tuna chunks in oil 120 g,حدائق الأمارات تونا قطع بالزيت 120غم,120,g,can,unknown,unknown,low,https://altaqwamarket-marka.com/product/570608,"Listed by Al-Taqwa Markets (Amman, Jordan). Jordanian goods reach Gaza by convoy and trade; not confirmed on a Gaza shelf"
canned_tuna,Emirates Gardens,"Emirates Gardens tuna, hot 120 g",حدائق الأمارات تونا حار 120غ,120,g,can,unknown,unknown,low,https://altaqwamarket-marka.com/product/570607,"Listed by Al-Taqwa Markets (Amman, Jordan). Jordanian goods reach Gaza by convoy and trade; not confirmed on a Gaza shelf"
canned_mushrooms,Emirates Gardens,Emirates Gardens mushrooms 400 g,فطر حدائق الامارات 400 غم,400,g,can,unknown,unknown,low,https://altaqwamarket-marka.com/product/715348,"Listed by Al-Taqwa Markets (Amman, Jordan). Jordanian goods reach Gaza by convoy and trade; not confirmed on a Gaza shelf"
canned_fruit_cocktail,Emirates Gardens,Emirates Gardens mixed fruit 400 g,حدائق الأمارات فواكه مشكلة 400غم,400,g,can,unknown,unknown,low,https://altaqwamarket-marka.com/product/715270,"Listed by Al-Taqwa Markets (Amman, Jordan). Jordanian goods reach Gaza by convoy and trade; not confirmed on a Gaza shelf"
canned_tuna,Family,Family tuna in oil 160 g,فاميلي تونا بالزيت 160غم,160,g,can,unknown,unknown,low,https://altaqwamarket-marka.com/product/714904,"Listed by Al-Taqwa Markets (Amman, Jordan). Jordanian goods reach Gaza by convoy and trade; not confirmed on a Gaza shelf"
canned_tuna,Family,Family tuna in brine 160 g,فاميلي تونا بالماء والملح 160غم,160,g,can,unknown,unknown,low,https://altaqwamarket-marka.com/product/714903,"Listed by Al-Taqwa Markets (Amman, Jordan). Jordanian goods reach Gaza by convoy and trade; not confirmed on a Gaza shelf"
canned_sweet_corn,Family,Family sweet corn 150 g,فاميلي ذرة حلوة 150غم,150,g,can,unknown,unknown,low,https://altaqwamarket-marka.com/product/714902,"Listed by Al-Taqwa Markets (Amman, Jordan). Jordanian goods reach Gaza by convoy and trade; not confirmed on a Gaza shelf"
canned_sweet_corn,Family,Family sweet corn 340 g,فاميلي ذرة حلوة وسط 340غم عدد 3,340,g,can,unknown,unknown,low,https://altaqwamarket-marka.com/product/714900,"Listed by Al-Taqwa Markets (Amman, Jordan). Jordanian goods reach Gaza by convoy and trade; not confirmed on a Gaza shelf; this listing is a 3-pack; Sold as a 3-can pack; pack_size is per can"
canned_sweet_corn,Family,Family sweet corn 2125 g,فاميلي ذرة حلوة2125غم,2125,g,can,unknown,unknown,low,https://altaqwamarket-marka.com/product/530236,"Listed by Al-Taqwa Markets (Amman, Jordan). Jordanian goods reach Gaza by convoy and trade; not confirmed on a Gaza shelf"
canned_tuna,Afco,"Afco skipjack tuna, hot 160 g",افكو تونا سكبجاك حار 160غم,160,g,can,unknown,unknown,low,https://altaqwamarket-marka.com/product/571660,"Listed by Al-Taqwa Markets (Amman, Jordan). Jordanian goods reach Gaza by convoy and trade; not confirmed on a Gaza shelf"
canned_tuna,Afco,Afco skipjack tuna in oil 160 g,افكو تونا سكبجاك بالزيت 160غم,160,g,can,unknown,unknown,low,https://altaqwamarket-marka.com/product/571659,"Listed by Al-Taqwa Markets (Amman, Jordan). Jordanian goods reach Gaza by convoy and trade; not confirmed on a Gaza shelf"
canned_tuna,Afco,Afco tuna chunks in water 170 g,افكو تونا قطع مع الماء 170غم,170,g,can,unknown,unknown,low,https://altaqwamarket-marka.com/product/529369,"Listed by Al-Taqwa Markets (Amman, Jordan). Jordanian goods reach Gaza by convoy and trade; not confirmed on a Gaza shelf"
canned_tuna,Afco,Afco light chunk tuna 170 g,افكو تونا شنك لايت 170غم,170,g,can,unknown,unknown,low,https://altaqwamarket-marka.com/product/283482,"Listed by Al-Taqwa Markets (Amman, Jordan). Jordanian goods reach Gaza by convoy and trade; not confirmed on a Gaza shelf"
canned_sardines,Afco,Afco sardines in vegetable oil 125 g,افكو سردين بالزيت النباتي 125غم,125,g,can,unknown,unknown,low,https://altaqwamarket-marka.com/product/379670,"Listed by Al-Taqwa Markets (Amman, Jordan). Jordanian goods reach Gaza by convoy and trade; not confirmed on a Gaza shelf"
canned_sardines,Afco,"Afco sardines, hot 125 g",افكو سردين حار 125غم,125,g,can,unknown,unknown,low,https://altaqwamarket-marka.com/product/533189,"Listed by Al-Taqwa Markets (Amman, Jordan). Jordanian goods reach Gaza by convoy and trade; not confirmed on a Gaza shelf"
canned_pineapple,Afco,Afco pineapple chunks 565 g,افكو قطع الاناناس 565 غرام,565,g,can,unknown,unknown,low,https://altaqwamarket-marka.com/product/402696,"Listed by Al-Taqwa Markets (Amman, Jordan). Jordanian goods reach Gaza by convoy and trade; not confirmed on a Gaza shelf"
canned_mushrooms,Afco,Afco sliced mushrooms 425 g,افكو فطر شرائح 425غم,425,g,can,unknown,unknown,low,https://altaqwamarket-marka.com/product/387800,"Listed by Al-Taqwa Markets (Amman, Jordan). Jordanian goods reach Gaza by convoy and trade; not confirmed on a Gaza shelf"
canned_mushrooms,Afco,Afco whole mushrooms 425 g,افكو فطر حبة كاملة 425غم,425,g,can,unknown,unknown,low,https://altaqwamarket-marka.com/product/387799,"Listed by Al-Taqwa Markets (Amman, Jordan). Jordanian goods reach Gaza by convoy and trade; not confirmed on a Gaza shelf"
canned_sweet_corn,Afco,Afco corn with lid and spoon 185 g,افكو ذرة حب مع غطاء و معلقة 185غم,185,g,can,unknown,unknown,low,https://altaqwamarket-marka.com/product/387091,"Listed by Al-Taqwa Markets (Amman, Jordan). Jordanian goods reach Gaza by convoy and trade; not confirmed on a Gaza shelf"
canned_sweet_corn,Afco,Afco corn 410 g,افكو ذره 410غم,410,g,can,unknown,unknown,low,https://altaqwamarket-marka.com/product/387748,"Listed by Al-Taqwa Markets (Amman, Jordan). Jordanian goods reach Gaza by convoy and trade; not confirmed on a Gaza shelf"
black_olives,Ikram,"Ikram black olives, sliced 400 g",اكرام زيتون اسود شرائح 400غ,400,g,can,unknown,unknown,low,https://altaqwamarket-marka.com/product/569433,"Listed by Al-Taqwa Markets (Amman, Jordan). Jordanian goods reach Gaza by convoy and trade; not confirmed on a Gaza shelf"
canned_fava,Americana,"Americana ful medames, large bean 400 g",امريكانا فول مدمس حبة كبيرة 400غم,400,g,can,Egypt,unknown,medium,https://altaqwamarket-marka.com/product/569432,"Listed by Al-Taqwa Markets (Amman, Jordan). Jordanian goods reach Gaza by convoy and trade; not confirmed on a Gaza shelf"
canned_pineapple,Americana,Americana pineapple slices 340 g,امريكانا شرائح اناناس 340غم,340,g,can,unknown,unknown,medium,https://altaqwamarket-marka.com/product/482967,"Listed by Al-Taqwa Markets (Amman, Jordan). Jordanian goods reach Gaza by convoy and trade; not confirmed on a Gaza shelf"
canned_tuna,Big C,Big C tuna in oil 160 g,بيج سي تونا بالزيت 160غم,160,g,can,unknown,unknown,low,https://altaqwamarket-marka.com/product/569228,"Listed by Al-Taqwa Markets (Amman, Jordan). Jordanian goods reach Gaza by convoy and trade; not confirmed on a Gaza shelf"
green_olives,Elisa,Elisa sliced green olives with chilli 240 g,اليسا زيتون اخضر شرائح بالشطة 240غ,240,g,jar,unknown,unknown,low,https://altaqwamarket-marka.com/product/567684,"Listed by Al-Taqwa Markets (Amman, Jordan). Jordanian goods reach Gaza by convoy and trade; not confirmed on a Gaza shelf"
green_olives,Elisa,Elisa sliced green olives with chilli 440 g,اليسا زيتون اخضر شرائح بالشطة 440غم,440,g,jar,unknown,unknown,low,https://altaqwamarket-marka.com/product/567742,"Listed by Al-Taqwa Markets (Amman, Jordan). Jordanian goods reach Gaza by convoy and trade; not confirmed on a Gaza shelf"
canned_sweet_corn,Laxa,Laxa whole-kernel corn 400 g,لاكسا درة حبه كامله 400غ,400,g,can,unknown,unknown,low,https://altaqwamarket-marka.com/product/566299,"Listed by Al-Taqwa Markets (Amman, Jordan). Jordanian goods reach Gaza by convoy and trade; not confirmed on a Gaza shelf"
canned_sweet_corn,Karam,Karam sweet corn 130 g,كرم ذرة حلوة 130غ*3,130,g,can,unknown,unknown,low,https://altaqwamarket-marka.com/product/566293,"Listed by Al-Taqwa Markets (Amman, Jordan). Jordanian goods reach Gaza by convoy and trade; not confirmed on a Gaza shelf; this listing is a 3-pack; Sold as a 3-can pack; pack_size is per can"
canned_chickpeas,Karam,Karam boiled chickpeas 380 g,كرم حمص حب مسلوق380غ عدد 3,380,g,can,unknown,unknown,low,https://altaqwamarket-marka.com/product/477929,"Listed by Al-Taqwa Markets (Amman, Jordan). Jordanian goods reach Gaza by convoy and trade; not confirmed on a Gaza shelf; this listing is a 3-pack; Sold as a 3-can pack; pack_size is per can"
canned_pineapple,Karam,Karam pineapple slices 565 g,كرم شرائح اناناس 565غم,565,g,can,unknown,unknown,low,https://altaqwamarket-marka.com/product/495105,"Listed by Al-Taqwa Markets (Amman, Jordan). Jordanian goods reach Gaza by convoy and trade; not confirmed on a Gaza shelf"
canned_mushrooms,Melody,Melody sliced mushrooms 300 g,ميلودي فطر شرائح300 غ,300,g,can,unknown,unknown,low,https://altaqwamarket-marka.com/product/565426,"Listed by Al-Taqwa Markets (Amman, Jordan). Jordanian goods reach Gaza by convoy and trade; not confirmed on a Gaza shelf"
canned_sweet_corn,Sorour,Sorour corn 320 g,سرور ذرة علب 320 غم,320,g,can,unknown,unknown,low,https://altaqwamarket-marka.com/product/565280,"Listed by Al-Taqwa Markets (Amman, Jordan). Jordanian goods reach Gaza by convoy and trade; not confirmed on a Gaza shelf"
canned_mushrooms,Sorour,Sorour sliced mushrooms 300 g,سرور فطر مقطع 300غم*3,300,g,can,unknown,unknown,low,https://altaqwamarket-marka.com/product/570573,"Listed by Al-Taqwa Markets (Amman, Jordan). Jordanian goods reach Gaza by convoy and trade; not confirmed on a Gaza shelf; this listing is a 3-pack; Sold as a 3-can pack; pack_size is per can"
canned_luncheon_chicken,Siniora,Siniora chicken luncheon 800 g,سنيورة لانشون دجاج 800غم,800,g,can,Jordan,unknown,medium,https://altaqwamarket-marka.com/product/563382,"Listed by Al-Taqwa Markets (Amman, Jordan). Jordanian goods reach Gaza by convoy and trade; not confirmed on a Gaza shelf"
canned_luncheon_beef,Siniora,Siniora beef luncheon 340 g,سنيورة لحم بقري 340غرام,340,g,can,Jordan,unknown,medium,https://altaqwamarket-marka.com/product/385410,"Listed by Al-Taqwa Markets (Amman, Jordan). Jordanian goods reach Gaza by convoy and trade; not confirmed on a Gaza shelf"
canned_luncheon_beef,Siniora,Siniora beef luncheon 200 g,سنيورة لحم بقري 200غرام,200,g,can,Jordan,unknown,medium,https://altaqwamarket-marka.com/product/385408,"Listed by Al-Taqwa Markets (Amman, Jordan). Jordanian goods reach Gaza by convoy and trade; not confirmed on a Gaza shelf"
canned_luncheon_chicken,Siniora,Siniora chicken luncheon 200 g,سنيوره لانشون دجاج 200غم,200,g,can,Jordan,unknown,medium,https://altaqwamarket-marka.com/product/385409,"Listed by Al-Taqwa Markets (Amman, Jordan). Jordanian goods reach Gaza by convoy and trade; not confirmed on a Gaza shelf"
canned_luncheon_beef,Siniora Al Quds,Siniora Al Quds beef luncheon 800 g,القدس سنيورة لانشون لحم بقري 800غرام,800,g,can,Palestine,unknown,high,https://altaqwamarket-marka.com/product/385407,"Siniora Al Quds is the Palestinian (Jerusalem) Siniora plant; listing from Al-Taqwa Markets, Amman"
canned_luncheon_chicken,Siniora Al Quds,Siniora Al Quds chicken luncheon 800 g,القدس سنيورة لانشون دجاج 800غم,800,g,can,Palestine,unknown,high,https://altaqwamarket-marka.com/product/313385,"Siniora Al Quds is the Palestinian (Jerusalem) Siniora plant; listing from Al-Taqwa Markets, Amman"
canned_tuna,Al Sunbula,Al Sunbula tuna in olive oil 160 g,السنبلة تونه زيت زيتون 160غ,160,g,can,unknown,unknown,low,https://altaqwamarket-marka.com/product/562554,"Listed by Al-Taqwa Markets (Amman, Jordan). Jordanian goods reach Gaza by convoy and trade; not confirmed on a Gaza shelf"
canned_tuna,Al Sunbula,Al Sunbula tuna in sunflower oil 160 g,السنبلة تونه زيت الشمس 160غ,160,g,can,unknown,unknown,low,https://altaqwamarket-marka.com/product/562553,"Listed by Al-Taqwa Markets (Amman, Jordan). Jordanian goods reach Gaza by convoy and trade; not confirmed on a Gaza shelf"
canned_tuna_mix,Al Alali,Al Alali tuna with tahini mix 160 g,العلالي تونا بخلطة طحينية 160غ,160,g,can,unknown,unknown,low,https://altaqwamarket-marka.com/product/532619,"Listed by Al-Taqwa Markets (Amman, Jordan). Jordanian goods reach Gaza by convoy and trade; not confirmed on a Gaza shelf"
canned_tuna_mix,Al Alali,Al Alali tuna with Italian mix 160 g,العلالي تونا بخلطة ايطالية 160غ,160,g,can,unknown,unknown,low,https://altaqwamarket-marka.com/product/532618,"Listed by Al-Taqwa Markets (Amman, Jordan). Jordanian goods reach Gaza by convoy and trade; not confirmed on a Gaza shelf"
canned_tuna_mix,Al Alali,Al Alali tuna with mayonnaise and rosemary 185 g,العلالي تونا بالمايونيز واكليل جبل185غ,185,g,can,unknown,unknown,low,https://altaqwamarket-marka.com/product/532617,"Listed by Al-Taqwa Markets (Amman, Jordan). Jordanian goods reach Gaza by convoy and trade; not confirmed on a Gaza shelf"
canned_tuna_mix,Al Alali,Al Alali tuna and red beans 185 g,العلالي تونا و فاصوليا حمراء185غم,185,g,can,unknown,unknown,low,https://altaqwamarket-marka.com/product/532616,"Listed by Al-Taqwa Markets (Amman, Jordan). Jordanian goods reach Gaza by convoy and trade; not confirmed on a Gaza shelf"
canned_tuna_mix,Al Alali,Al Alali tuna and white bean salad 185 g,العلالي تونا سلطة فاصوليا بيضاء185غ,185,g,can,unknown,unknown,low,https://altaqwamarket-marka.com/product/532615,"Listed by Al-Taqwa Markets (Amman, Jordan). Jordanian goods reach Gaza by convoy and trade; not confirmed on a Gaza shelf"
canned_tuna_mix,Al Alali,Al Alali tuna vegetable salad 185 g,العلالي تونا سلطة خضار 185غم,185,g,can,unknown,unknown,low,https://altaqwamarket-marka.com/product/510235,"Listed by Al-Taqwa Markets (Amman, Jordan). Jordanian goods reach Gaza by convoy and trade; not confirmed on a Gaza shelf"
canned_tuna,Al Alali,Al Alali yellowfin tuna in oil 120 g,العلالي تونا يلوفين بزيت 120غ,120,g,can,unknown,unknown,low,https://altaqwamarket-marka.com/product/531323,"Listed by Al-Taqwa Markets (Amman, Jordan). Jordanian goods reach Gaza by convoy and trade; not confirmed on a Gaza shelf"
canned_tuna,Al Alali,Al Alali yellowfin tuna in water 170 g,العلالي تونا يلوفين بالماء 170غم,170,g,can,unknown,unknown,low,https://altaqwamarket-marka.com/product/510552,"Listed by Al-Taqwa Markets (Amman, Jordan). Jordanian goods reach Gaza by convoy and trade; not confirmed on a Gaza shelf"
canned_tuna,Al Alali,Al Alali skipjack tuna 170 g,العالي تونا سجيب جاك 170غم,170,g,can,unknown,unknown,low,https://altaqwamarket-marka.com/product/505777,"Listed by Al-Taqwa Markets (Amman, Jordan). Jordanian goods reach Gaza by convoy and trade; not confirmed on a Gaza shelf"
canned_tuna,Al Alali,Al Alali tuna slices in sunflower oil 100 g,العلالي تونا شرائح زيت دوار شمس100غ,100,g,can,unknown,unknown,low,https://altaqwamarket-marka.com/product/510558,"Listed by Al-Taqwa Markets (Amman, Jordan). Jordanian goods reach Gaza by convoy and trade; not confirmed on a Gaza shelf"
canned_tuna,Al Alali,Al Alali tuna slices in water 100 g,العلالي تونا شرائح بالماء 100غم,100,g,can,unknown,unknown,low,https://altaqwamarket-marka.com/product/510556,"Listed by Al-Taqwa Markets (Amman, Jordan). Jordanian goods reach Gaza by convoy and trade; not confirmed on a Gaza shelf"
canned_tuna,Al Alali,Al Alali tuna slices in olive oil 100 g,العلالي تونا شرائح بزيت الزيتون100غ,100,g,can,unknown,unknown,low,https://altaqwamarket-marka.com/product/510555,"Listed by Al-Taqwa Markets (Amman, Jordan). Jordanian goods reach Gaza by convoy and trade; not confirmed on a Gaza shelf"
canned_tuna,Al Alali,"Al Alali tuna slices, hot 100 g",العلالي تونا شرائح زيت بالحار100غ,100,g,can,unknown,unknown,low,https://altaqwamarket-marka.com/product/510554,"Listed by Al-Taqwa Markets (Amman, Jordan). Jordanian goods reach Gaza by convoy and trade; not confirmed on a Gaza shelf"
canned_tuna,Al Alali,Al Alali tuna slices with garlic and pepper 100 g,العلالي تونا شرائح ثوم وفلفل100غم,100,g,can,unknown,unknown,low,https://altaqwamarket-marka.com/product/510553,"Listed by Al-Taqwa Markets (Amman, Jordan). Jordanian goods reach Gaza by convoy and trade; not confirmed on a Gaza shelf"
canned_tuna,Al Alali,Al Alali tuna slices with pepper and lemon 100 g,العلالي تونا شرائح فلفل وليمون100غ,100,g,can,unknown,unknown,low,https://altaqwamarket-marka.com/product/529767,"Listed by Al-Taqwa Markets (Amman, Jordan). Jordanian goods reach Gaza by convoy and trade; not confirmed on a Gaza shelf"
canned_tuna,Al Alali,Al Alali smoked tuna slices 100 g,العلالي تونا شرائح مدخنة 100غ,100,g,can,unknown,unknown,low,https://altaqwamarket-marka.com/product/510557,"Listed by Al-Taqwa Markets (Amman, Jordan). Jordanian goods reach Gaza by convoy and trade; not confirmed on a Gaza shelf"
canned_sardines,Al Alali,Al Alali sardines with pepper 100 g,العلالي سردين بالفلفل 100غ,100,g,can,unknown,unknown,low,https://altaqwamarket-marka.com/product/499609,"Listed by Al-Taqwa Markets (Amman, Jordan). Jordanian goods reach Gaza by convoy and trade; not confirmed on a Gaza shelf"
canned_sardines,Al Alali,Al Alali sardines in sunflower oil 100 g,العلالي سردين بزيت دوار الشمس100غ,100,g,can,unknown,unknown,low,https://altaqwamarket-marka.com/product/499610,"Listed by Al-Taqwa Markets (Amman, Jordan). Jordanian goods reach Gaza by convoy and trade; not confirmed on a Gaza shelf"
canned_hummus_tahini,Marka,Marka hummus with tahini 100 g,ماركا حمص بالطحينة 100غم,100,g,can,unknown,unknown,low,https://altaqwamarket-marka.com/product/530499,"Listed by Al-Taqwa Markets (Amman, Jordan). Jordanian goods reach Gaza by convoy and trade; not confirmed on a Gaza shelf"
black_olives,Explanada,"Explanada black olives, sliced 350 g",اكسبلندا زيتون اسود شرائح 350غم,350,g,can,unknown,unknown,low,https://altaqwamarket-marka.com/product/529449,"Listed by Al-Taqwa Markets (Amman, Jordan). Jordanian goods reach Gaza by convoy and trade; not confirmed on a Gaza shelf"
canned_fava,Al Khadra,"Al Khadra ful medames, large bean 400 g",الخضراء فول مدمس حبة كبيرة 400غ,400,g,can,unknown,unknown,low,https://altaqwamarket-marka.com/product/509421,"Listed by Al-Taqwa Markets (Amman, Jordan). Jordanian goods reach Gaza by convoy and trade; not confirmed on a Gaza shelf"
canned_luncheon_beef,Del Monte,Del Monte luncheon meat 850 g,دل مونتي لحم لانشون 850غم,850,g,can,unknown,unknown,low,https://altaqwamarket-marka.com/product/500796,"Listed by Al-Taqwa Markets (Amman, Jordan). Jordanian goods reach Gaza by convoy and trade; not confirmed on a Gaza shelf"
canned_pineapple,Solitaire,Solitaire pineapple slices 565 g,سوليتير شرائح اناناس 565جم,565,g,can,unknown,unknown,low,https://altaqwamarket-marka.com/product/498376,"Listed by Al-Taqwa Markets (Amman, Jordan). Jordanian goods reach Gaza by convoy and trade; not confirmed on a Gaza shelf"
canned_mushrooms,Solitaire,Solitaire sliced mushrooms 400 g,سوليتير فطر مقطع 400غم,400,g,can,unknown,unknown,low,https://altaqwamarket-marka.com/product/530501,"Listed by Al-Taqwa Markets (Amman, Jordan). Jordanian goods reach Gaza by convoy and trade; not confirmed on a Gaza shelf"
canned_tuna,Solitaire,Solitaire tuna 112 g,تونة سلويتير 112غم,112,g,can,unknown,unknown,low,https://altaqwamarket-marka.com/product/500059,"Listed by Al-Taqwa Markets (Amman, Jordan). Jordanian goods reach Gaza by convoy and trade; not confirmed on a Gaza shelf"
canned_white_beans,Maxim,Maxim white beans 400 g,مكسيم فاصوليا بيضاء 400 غم,400,g,can,unknown,unknown,low,https://altaqwamarket-marka.com/product/487380,"Listed by Al-Taqwa Markets (Amman, Jordan). Jordanian goods reach Gaza by convoy and trade; not confirmed on a Gaza shelf"
canned_red_kidney_beans,Maxim,Maxim red kidney beans 400 g,فاصوليا حمراء مكسيم400 غم,400,g,can,unknown,unknown,low,https://altaqwamarket-marka.com/product/407513,"Listed by Al-Taqwa Markets (Amman, Jordan). Jordanian goods reach Gaza by convoy and trade; not confirmed on a Gaza shelf"
canned_fava,Al Beiruti,"Al Beiruti ful, Egyptian mix 400 g",فول البيروتي بالخلطة المصرية 400غم,400,g,can,unknown,unknown,low,https://altaqwamarket-marka.com/product/481693,"Listed by Al-Taqwa Markets (Amman, Jordan). Jordanian goods reach Gaza by convoy and trade; not confirmed on a Gaza shelf"
canned_fava,Al Beiruti,"Al Beiruti ful, Palestinian mix 400 g",البيروتي فول بالخلطة الفلسطينية 400غم,400,g,can,unknown,unknown,low,https://altaqwamarket-marka.com/product/481687,"Listed by Al-Taqwa Markets (Amman, Jordan). Jordanian goods reach Gaza by convoy and trade; not confirmed on a Gaza shelf"
canned_fava,Al Beiruti,"Al Beiruti ful, Lebanese mix 400 g",فول البيروتي بالخلطة اللبنانية 400غم,400,g,can,unknown,unknown,low,https://altaqwamarket-marka.com/product/481692,"Listed by Al-Taqwa Markets (Amman, Jordan). Jordanian goods reach Gaza by convoy and trade; not confirmed on a Gaza shelf"
canned_fava,Al Beiruti,"Al Beiruti ful, large bean 400 g",البيروتي فول حبة كبيرة 400غم,400,g,can,unknown,unknown,low,https://altaqwamarket-marka.com/product/481348,"Listed by Al-Taqwa Markets (Amman, Jordan). Jordanian goods reach Gaza by convoy and trade; not confirmed on a Gaza shelf"
canned_fava,Al Beiruti,Al Beiruti ful with chickpeas 400 g,البيروتي فول مع حمص 400غم,400,g,can,unknown,unknown,low,https://altaqwamarket-marka.com/product/481689,"Listed by Al-Taqwa Markets (Amman, Jordan). Jordanian goods reach Gaza by convoy and trade; not confirmed on a Gaza shelf"
canned_beans_tomato,Al Beiruti,Al Beiruti white beans in sauce 400 g,البيروتي فاصوليا بيضاء بالصلصة400غ,400,g,can,unknown,unknown,low,https://altaqwamarket-marka.com/product/481333,"Listed by Al-Taqwa Markets (Amman, Jordan). Jordanian goods reach Gaza by convoy and trade; not confirmed on a Gaza shelf"
canned_white_beans,Al Beiruti,Al Beiruti white beans 400 g,البيروتي فاصوليا بيضاء 400غم,400,g,can,unknown,unknown,low,https://altaqwamarket-marka.com/product/387782,"Listed by Al-Taqwa Markets (Amman, Jordan). Jordanian goods reach Gaza by convoy and trade; not confirmed on a Gaza shelf"
canned_sardines,Al Bakhira,Al Bakhira sardines in oil 100 g,سردين الباخرة بالزيت 100غ,100,g,can,unknown,unknown,low,https://altaqwamarket-marka.com/product/477873,"Listed by Al-Taqwa Markets (Amman, Jordan). Jordanian goods reach Gaza by convoy and trade; not confirmed on a Gaza shelf"
canned_sweet_corn,Al Bakhira,Al Bakhira sweet corn 300 g,الباخرة ذرة حلوة 300غم,300,g,can,unknown,unknown,low,https://altaqwamarket-marka.com/product/502896,"Listed by Al-Taqwa Markets (Amman, Jordan). Jordanian goods reach Gaza by convoy and trade; not confirmed on a Gaza shelf"
canned_sweet_corn,Maling,Maling sweet corn 410 g,مالينج ذرة حلوة 410غرام,410,g,can,China,unknown,medium,https://altaqwamarket-marka.com/product/476991,"Listed by Al-Taqwa Markets (Amman, Jordan). Jordanian goods reach Gaza by convoy and trade; not confirmed on a Gaza shelf"
canned_tuna,Maya,Maya tuna in oil 140 g,مايا تونا بالزيت 140غرام,140,g,can,unknown,unknown,low,https://altaqwamarket-marka.com/product/411071,"Listed by Al-Taqwa Markets (Amman, Jordan). Jordanian goods reach Gaza by convoy and trade; not confirmed on a Gaza shelf"
canned_tuna,Maya,"Maya tuna chunks, hot 140 g",مايا تونا قطع حار 140غرام,140,g,can,unknown,unknown,low,https://altaqwamarket-marka.com/product/411070,"Listed by Al-Taqwa Markets (Amman, Jordan). Jordanian goods reach Gaza by convoy and trade; not confirmed on a Gaza shelf"
canned_sardines,Maria,Maria sardines in vegetable oil 125 g,ماريا سردين بالزيت النباتي 125غ,125,g,can,unknown,unknown,low,https://altaqwamarket-marka.com/product/409801,"Listed by Al-Taqwa Markets (Amman, Jordan). Jordanian goods reach Gaza by convoy and trade; not confirmed on a Gaza shelf"
canned_pineapple,Al Tasty,Al Tasty pineapple slices 565 g,التيستي شرائح الاناناس 565غم,565,g,can,unknown,unknown,low,https://altaqwamarket-marka.com/product/407824,"Listed by Al-Taqwa Markets (Amman, Jordan). Jordanian goods reach Gaza by convoy and trade; not confirmed on a Gaza shelf"
canned_corned_beef,Exeter,Exeter corned beef 340 g,لحمة اكزيتر340غم,340,g,can,unknown,unknown,low,https://altaqwamarket-marka.com/product/391812,"Listed by Al-Taqwa Markets (Amman, Jordan). Jordanian goods reach Gaza by convoy and trade; not confirmed on a Gaza shelf"
canned_corned_beef,Sharqatli,Sharqatli Extra canned meat 190 g,شرقطلي لحمة اكسترا 190 غم,190,g,can,unknown,unknown,low,https://altaqwamarket-marka.com/product/373952,"Listed by Al-Taqwa Markets (Amman, Jordan). Jordanian goods reach Gaza by convoy and trade; not confirmed on a Gaza shelf"
canned_mushrooms,Golden Valley,Golden Valley sliced mushrooms 400 g,جولدن فالي فطر مقطع شرائح 400غم عدد 3,400,g,can,unknown,unknown,low,https://altaqwamarket-marka.com/product/273681,"Listed by Al-Taqwa Markets (Amman, Jordan). Jordanian goods reach Gaza by convoy and trade; not confirmed on a Gaza shelf; this listing is a 3-pack; Sold as a 3-can pack; pack_size is per can"
canned_luncheon_chicken,Top Lan,Top Lan chicken luncheon 800 g,توب لان لانشون دجاج 800غم,800,g,can,unknown,unknown,low,https://altaqwamarket-marka.com/product/564731,"Listed by Al-Taqwa Markets (Amman, Jordan). Jordanian goods reach Gaza by convoy and trade; not confirmed on a Gaza shelf"
canned_luncheon_chicken,Top Lan,Top Lan chicken and beef luncheon 800 g,توب لان لانشون دجاج وبقري 800غ,800,g,can,unknown,unknown,low,https://altaqwamarket-marka.com/product/564730,"Listed by Al-Taqwa Markets (Amman, Jordan). Jordanian goods reach Gaza by convoy and trade; not confirmed on a Gaza shelf"
canned_tuna,Afia,Afia tuna in oil 160 g,عافية تونا بالزيت 160غم,160,g,can,unknown,unknown,low,https://altaqwamarket-marka.com/product/529768,"Listed by Al-Taqwa Markets (Amman, Jordan). Jordanian goods reach Gaza by convoy and trade; not confirmed on a Gaza shelf"
canned_chickpeas,Al Mallah,Al Mallah whole chickpeas 400 g,الملاح حمص حب 400غم,400,g,can,unknown,unknown,low,https://altaqwamarket-marka.com/product/513982,"Listed by Al-Taqwa Markets (Amman, Jordan). Jordanian goods reach Gaza by convoy and trade; not confirmed on a Gaza shelf"
canned_sweet_corn,Lagrina,Lagrina sweet corn 340 g,لاجرينا ذرة حلوة 340غرام,340,g,can,unknown,unknown,low,https://altaqwamarket-marka.com/product/387749,"Listed by Al-Taqwa Markets (Amman, Jordan). Jordanian goods reach Gaza by convoy and trade; not confirmed on a Gaza shelf"
pickled_mango,Mother's,Mother's sliced mango pickle 400 g,مذر شرائح مخلل مانجا 400غم,400,g,jar,India,unknown,medium,https://altaqwamarket-marka.com/product/389770,"Listed by Al-Taqwa Markets (Amman, Jordan). Jordanian goods reach Gaza by convoy and trade; not confirmed on a Gaza shelf"
fava_beans,Al Basha,Al Basha broad fava beans 700 g,الباشا فول حب عريض 700 غم,700,g,bag,Jordan,unknown,medium,https://altaqwamarket-marka.com/product/282408,"Listed by Al-Taqwa Markets (Amman, Jordan). Jordanian goods reach Gaza by convoy and trade; not confirmed on a Gaza shelf"
white_beans,Al Basha,Al Basha white beans 800 g,الباشا فاصوليا بيضاء 800غم,800,g,bag,Jordan,unknown,medium,https://altaqwamarket-marka.com/product/273322,"Listed by Al-Taqwa Markets (Amman, Jordan). Jordanian goods reach Gaza by convoy and trade; not confirmed on a Gaza shelf"
red_lentils_split,Al Basha,Al Basha split red lentils 800 g,الباشا عدس احمر مجروش كيس 800غم,800,g,bag,Jordan,unknown,medium,https://altaqwamarket-marka.com/product/273323,"Listed by Al-Taqwa Markets (Amman, Jordan). Jordanian goods reach Gaza by convoy and trade; not confirmed on a Gaza shelf"
red_lentils_split,Al Basha,Al Basha small split lentils 800 g,الباشا عدس مجروش صغير 800غم,800,g,bag,Jordan,unknown,medium,https://altaqwamarket-marka.com/product/273325,"Listed by Al-Taqwa Markets (Amman, Jordan). Jordanian goods reach Gaza by convoy and trade; not confirmed on a Gaza shelf"
brown_lentils_whole,Al Basha,Al Basha large whole lentils 800 g,الباشا عدس حب كبير 800غم,800,g,bag,Jordan,unknown,medium,https://altaqwamarket-marka.com/product/273324,"Listed by Al-Taqwa Markets (Amman, Jordan). Jordanian goods reach Gaza by convoy and trade; not confirmed on a Gaza shelf"
chickpeas,Al Basha,Al Basha jumbo chickpeas 800 g,الباشا حمص حب جامبو 800غم,800,g,bag,Jordan,unknown,medium,https://altaqwamarket-marka.com/product/273318,"Listed by Al-Taqwa Markets (Amman, Jordan). Jordanian goods reach Gaza by convoy and trade; not confirmed on a Gaza shelf"
chickpeas,Al Basha,Al Basha Bustan chickpeas 800 g,الباشا حمص حب بستان 800غم,800,g,bag,Jordan,unknown,medium,https://altaqwamarket-marka.com/product/273317,"Listed by Al-Taqwa Markets (Amman, Jordan). Jordanian goods reach Gaza by convoy and trade; not confirmed on a Gaza shelf"
lupini_beans,Al Basha,Al Basha sweet lupini beans 800 g,الباشا ترمس حلو 800غم,800,g,bag,Jordan,unknown,medium,https://altaqwamarket-marka.com/product/273315,"Listed by Al-Taqwa Markets (Amman, Jordan). Jordanian goods reach Gaza by convoy and trade; not confirmed on a Gaza shelf"
canned_tuna,Afia,Afia tuna pieces in oil 170 g,عافية تونة قطع بالزيت 170 جم,170,g,can,Egypt,unknown,medium,https://www.foodtodayeg.com/Section-164/%D8%B3%D9%84%D8%A7%D8%B3%D9%84-%D8%AA%D8%AC%D8%A7%D8%B1%D9%8A%D8%A9/%D8%AA%D8%B0%D8%A8%D8%B0%D8%A8-%D8%A3%D8%B3%D8%B9%D8%A7%D8%B1-%D8%A7%D9%84%D8%AA%D9%88%D9%86%D8%A9-%D9%81%D9%8A-%D8%A7%D9%84%D8%A3%D8%B3%D9%88%D8%A7%D9%82-%D8%A7%D9%84%D9%85%D8%B5%D8%B1%D9%8A%D8%A9-%D8%AF%D9%88%D9%84%D9%81%D9%8A%D9%86-%D8%A7%D9%84%D8%A3%D8%B9%D9%84%D9%89-%D8%B3%D8%B9%D8%B1%D8%A7-%D9%88-%D8%B9%D8%A7%D9%81%D9%8A%D8%A9-%D8%AA%D9%82%D8%AF%D9%85-4-%D8%A3%D9%86%D9%88%D8%A7%D8%B9-%D9%85%D8%AE%D8%AA%D9%84%D9%81%D8%A9-%D9%85%D9%86%D8%A7%D8%B3%D8%A8%D8%A9-%D9%84%D9%84%D9%85%D9%8A%D8%B2%D8%A7%D9%86%D9%8A%D8%A9-35962,Egyptian brand; reaches Gaza via Rafah and Egyptian convoys. 
canned_tuna,Afia,Afia single-piece tuna in oil 185 g,عافية تونة قطعة واحدة بالزيت 185 جم,185,g,can,Egypt,unknown,medium,https://www.foodtodayeg.com/Section-164/%D8%B3%D9%84%D8%A7%D8%B3%D9%84-%D8%AA%D8%AC%D8%A7%D8%B1%D9%8A%D8%A9/%D8%AA%D8%B0%D8%A8%D8%B0%D8%A8-%D8%A3%D8%B3%D8%B9%D8%A7%D8%B1-%D8%A7%D9%84%D8%AA%D9%88%D9%86%D8%A9-%D9%81%D9%8A-%D8%A7%D9%84%D8%A3%D8%B3%D9%88%D8%A7%D9%82-%D8%A7%D9%84%D9%85%D8%B5%D8%B1%D9%8A%D8%A9-%D8%AF%D9%88%D9%84%D9%81%D9%8A%D9%86-%D8%A7%D9%84%D8%A3%D8%B9%D9%84%D9%89-%D8%B3%D8%B9%D8%B1%D8%A7-%D9%88-%D8%B9%D8%A7%D9%81%D9%8A%D8%A9-%D8%AA%D9%82%D8%AF%D9%85-4-%D8%A3%D9%86%D9%88%D8%A7%D8%B9-%D9%85%D8%AE%D8%AA%D9%84%D9%81%D8%A9-%D9%85%D9%86%D8%A7%D8%B3%D8%A8%D8%A9-%D9%84%D9%84%D9%85%D9%8A%D8%B2%D8%A7%D9%86%D9%8A%D8%A9-35962,Egyptian brand; reaches Gaza via Rafah and Egyptian convoys. 
canned_tuna,Afia,Afia shredded tuna 185 g,عافية تونة مفتتة 185 جم,185,g,can,Egypt,unknown,medium,https://www.foodtodayeg.com/Section-164/%D8%B3%D9%84%D8%A7%D8%B3%D9%84-%D8%AA%D8%AC%D8%A7%D8%B1%D9%8A%D8%A9/%D8%AA%D8%B0%D8%A8%D8%B0%D8%A8-%D8%A3%D8%B3%D8%B9%D8%A7%D8%B1-%D8%A7%D9%84%D8%AA%D9%88%D9%86%D8%A9-%D9%81%D9%8A-%D8%A7%D9%84%D8%A3%D8%B3%D9%88%D8%A7%D9%82-%D8%A7%D9%84%D9%85%D8%B5%D8%B1%D9%8A%D8%A9-%D8%AF%D9%88%D9%84%D9%81%D9%8A%D9%86-%D8%A7%D9%84%D8%A3%D8%B9%D9%84%D9%89-%D8%B3%D8%B9%D8%B1%D8%A7-%D9%88-%D8%B9%D8%A7%D9%81%D9%8A%D8%A9-%D8%AA%D9%82%D8%AF%D9%85-4-%D8%A3%D9%86%D9%88%D8%A7%D8%B9-%D9%85%D8%AE%D8%AA%D9%84%D9%81%D8%A9-%D9%85%D9%86%D8%A7%D8%B3%D8%A8%D8%A9-%D9%84%D9%84%D9%85%D9%8A%D8%B2%D8%A7%D9%86%D9%8A%D8%A9-35962,Egyptian brand; reaches Gaza via Rafah and Egyptian convoys. 
canned_tuna,Afia,Afia shredded tuna in soy oil 140 g,عافية تونة مفتتة بزيت الصويا 140 جم,140,g,can,Egypt,unknown,medium,https://www.foodtodayeg.com/Section-164/%D8%B3%D9%84%D8%A7%D8%B3%D9%84-%D8%AA%D8%AC%D8%A7%D8%B1%D9%8A%D8%A9/%D8%AA%D8%B0%D8%A8%D8%B0%D8%A8-%D8%A3%D8%B3%D8%B9%D8%A7%D8%B1-%D8%A7%D9%84%D8%AA%D9%88%D9%86%D8%A9-%D9%81%D9%8A-%D8%A7%D9%84%D8%A3%D8%B3%D9%88%D8%A7%D9%82-%D8%A7%D9%84%D9%85%D8%B5%D8%B1%D9%8A%D8%A9-%D8%AF%D9%88%D9%84%D9%81%D9%8A%D9%86-%D8%A7%D9%84%D8%A3%D8%B9%D9%84%D9%89-%D8%B3%D8%B9%D8%B1%D8%A7-%D9%88-%D8%B9%D8%A7%D9%81%D9%8A%D8%A9-%D8%AA%D9%82%D8%AF%D9%85-4-%D8%A3%D9%86%D9%88%D8%A7%D8%B9-%D9%85%D8%AE%D8%AA%D9%84%D9%81%D8%A9-%D9%85%D9%86%D8%A7%D8%B3%D8%A8%D8%A9-%D9%84%D9%84%D9%85%D9%8A%D8%B2%D8%A7%D9%86%D9%8A%D8%A9-35962,Egyptian brand; reaches Gaza via Rafah and Egyptian convoys. 
canned_tuna,Afia,Afia shredded tuna with pepper in soy oil 140 g,عافية تونة مفتتة بالفلفل بزيت الصويا 140 جم,140,g,can,Egypt,unknown,medium,https://www.foodtodayeg.com/Section-164/%D8%B3%D9%84%D8%A7%D8%B3%D9%84-%D8%AA%D8%AC%D8%A7%D8%B1%D9%8A%D8%A9/%D8%AA%D8%B0%D8%A8%D8%B0%D8%A8-%D8%A3%D8%B3%D8%B9%D8%A7%D8%B1-%D8%A7%D9%84%D8%AA%D9%88%D9%86%D8%A9-%D9%81%D9%8A-%D8%A7%D9%84%D8%A3%D8%B3%D9%88%D8%A7%D9%82-%D8%A7%D9%84%D9%85%D8%B5%D8%B1%D9%8A%D8%A9-%D8%AF%D9%88%D9%84%D9%81%D9%8A%D9%86-%D8%A7%D9%84%D8%A3%D8%B9%D9%84%D9%89-%D8%B3%D8%B9%D8%B1%D8%A7-%D9%88-%D8%B9%D8%A7%D9%81%D9%8A%D8%A9-%D8%AA%D9%82%D8%AF%D9%85-4-%D8%A3%D9%86%D9%88%D8%A7%D8%B9-%D9%85%D8%AE%D8%AA%D9%84%D9%81%D8%A9-%D9%85%D9%86%D8%A7%D8%B3%D8%A8%D8%A9-%D9%84%D9%84%D9%85%D9%8A%D8%B2%D8%A7%D9%86%D9%8A%D8%A9-35962,Egyptian brand; reaches Gaza via Rafah and Egyptian convoys. 
canned_tuna,Mario,"Mario tuna pieces, easy-open 140 g",ماريو تونة قطع سهلة الفتح 140 جم,140,g,can,Egypt,unknown,medium,https://www.foodtodayeg.com/Section-164/%D8%B3%D9%84%D8%A7%D8%B3%D9%84-%D8%AA%D8%AC%D8%A7%D8%B1%D9%8A%D8%A9/%D8%AA%D8%B0%D8%A8%D8%B0%D8%A8-%D8%A3%D8%B3%D8%B9%D8%A7%D8%B1-%D8%A7%D9%84%D8%AA%D9%88%D9%86%D8%A9-%D9%81%D9%8A-%D8%A7%D9%84%D8%A3%D8%B3%D9%88%D8%A7%D9%82-%D8%A7%D9%84%D9%85%D8%B5%D8%B1%D9%8A%D8%A9-%D8%AF%D9%88%D9%84%D9%81%D9%8A%D9%86-%D8%A7%D9%84%D8%A3%D8%B9%D9%84%D9%89-%D8%B3%D8%B9%D8%B1%D8%A7-%D9%88-%D8%B9%D8%A7%D9%81%D9%8A%D8%A9-%D8%AA%D9%82%D8%AF%D9%85-4-%D8%A3%D9%86%D9%88%D8%A7%D8%B9-%D9%85%D8%AE%D8%AA%D9%84%D9%81%D8%A9-%D9%85%D9%86%D8%A7%D8%B3%D8%A8%D8%A9-%D9%84%D9%84%D9%85%D9%8A%D8%B2%D8%A7%D9%86%D9%8A%D8%A9-35962,Egyptian brand; reaches Gaza via Rafah and Egyptian convoys. 
canned_tuna,Dolphin,"Dolphin tuna slices, easy-open 170 g",دولفين تونة شرائح سهلة الفتح 170 جم,170,g,can,Egypt,unknown,medium,https://www.foodtodayeg.com/Section-164/%D8%B3%D9%84%D8%A7%D8%B3%D9%84-%D8%AA%D8%AC%D8%A7%D8%B1%D9%8A%D8%A9/%D8%AA%D8%B0%D8%A8%D8%B0%D8%A8-%D8%A3%D8%B3%D8%B9%D8%A7%D8%B1-%D8%A7%D9%84%D8%AA%D9%88%D9%86%D8%A9-%D9%81%D9%8A-%D8%A7%D9%84%D8%A3%D8%B3%D9%88%D8%A7%D9%82-%D8%A7%D9%84%D9%85%D8%B5%D8%B1%D9%8A%D8%A9-%D8%AF%D9%88%D9%84%D9%81%D9%8A%D9%86-%D8%A7%D9%84%D8%A3%D8%B9%D9%84%D9%89-%D8%B3%D8%B9%D8%B1%D8%A7-%D9%88-%D8%B9%D8%A7%D9%81%D9%8A%D8%A9-%D8%AA%D9%82%D8%AF%D9%85-4-%D8%A3%D9%86%D9%88%D8%A7%D8%B9-%D9%85%D8%AE%D8%AA%D9%84%D9%81%D8%A9-%D9%85%D9%86%D8%A7%D8%B3%D8%A8%D8%A9-%D9%84%D9%84%D9%85%D9%8A%D8%B2%D8%A7%D9%86%D9%8A%D8%A9-35962,Egyptian brand; reaches Gaza via Rafah and Egyptian convoys. MG Group Egypt
canned_tuna,Dolphin,Dolphin tuna pieces 140 g,دولفين تونة قطع 140 جم,140,g,can,Egypt,unknown,medium,https://www.foodtodayeg.com/Section-164/%D8%B3%D9%84%D8%A7%D8%B3%D9%84-%D8%AA%D8%AC%D8%A7%D8%B1%D9%8A%D8%A9/%D8%AA%D8%B0%D8%A8%D8%B0%D8%A8-%D8%A3%D8%B3%D8%B9%D8%A7%D8%B1-%D8%A7%D9%84%D8%AA%D9%88%D9%86%D8%A9-%D9%81%D9%8A-%D8%A7%D9%84%D8%A3%D8%B3%D9%88%D8%A7%D9%82-%D8%A7%D9%84%D9%85%D8%B5%D8%B1%D9%8A%D8%A9-%D8%AF%D9%88%D9%84%D9%81%D9%8A%D9%86-%D8%A7%D9%84%D8%A3%D8%B9%D9%84%D9%89-%D8%B3%D8%B9%D8%B1%D8%A7-%D9%88-%D8%B9%D8%A7%D9%81%D9%8A%D8%A9-%D8%AA%D9%82%D8%AF%D9%85-4-%D8%A3%D9%86%D9%88%D8%A7%D8%B9-%D9%85%D8%AE%D8%AA%D9%84%D9%81%D8%A9-%D9%85%D9%86%D8%A7%D8%B3%D8%A8%D8%A9-%D9%84%D9%84%D9%85%D9%8A%D8%B2%D8%A7%D9%86%D9%8A%D8%A9-35962,Egyptian brand; reaches Gaza via Rafah and Egyptian convoys. MG Group Egypt
canned_tuna,Dolphin,Dolphin single-piece tuna 200 g,دولفين تونة قطعة واحدة 200 جم,200,g,can,Egypt,unknown,medium,https://www.foodtodayeg.com/Section-164/%D8%B3%D9%84%D8%A7%D8%B3%D9%84-%D8%AA%D8%AC%D8%A7%D8%B1%D9%8A%D8%A9/%D8%AA%D8%B0%D8%A8%D8%B0%D8%A8-%D8%A3%D8%B3%D8%B9%D8%A7%D8%B1-%D8%A7%D9%84%D8%AA%D9%88%D9%86%D8%A9-%D9%81%D9%8A-%D8%A7%D9%84%D8%A3%D8%B3%D9%88%D8%A7%D9%82-%D8%A7%D9%84%D9%85%D8%B5%D8%B1%D9%8A%D8%A9-%D8%AF%D9%88%D9%84%D9%81%D9%8A%D9%86-%D8%A7%D9%84%D8%A3%D8%B9%D9%84%D9%89-%D8%B3%D8%B9%D8%B1%D8%A7-%D9%88-%D8%B9%D8%A7%D9%81%D9%8A%D8%A9-%D8%AA%D9%82%D8%AF%D9%85-4-%D8%A3%D9%86%D9%88%D8%A7%D8%B9-%D9%85%D8%AE%D8%AA%D9%84%D9%81%D8%A9-%D9%85%D9%86%D8%A7%D8%B3%D8%A8%D8%A9-%D9%84%D9%84%D9%85%D9%8A%D8%B2%D8%A7%D9%86%D9%8A%D8%A9-35962,Egyptian brand; reaches Gaza via Rafah and Egyptian convoys. MG Group Egypt
canned_tuna,Sunshine,"Sunshine tuna pieces, easy-open 185 g",صن شاين تونة قطع سهلة الفتح 185 جم,185,g,can,Egypt,unknown,medium,https://www.foodtodayeg.com/Section-164/%D8%B3%D9%84%D8%A7%D8%B3%D9%84-%D8%AA%D8%AC%D8%A7%D8%B1%D9%8A%D8%A9/%D8%AA%D8%B0%D8%A8%D8%B0%D8%A8-%D8%A3%D8%B3%D8%B9%D8%A7%D8%B1-%D8%A7%D9%84%D8%AA%D9%88%D9%86%D8%A9-%D9%81%D9%8A-%D8%A7%D9%84%D8%A3%D8%B3%D9%88%D8%A7%D9%82-%D8%A7%D9%84%D9%85%D8%B5%D8%B1%D9%8A%D8%A9-%D8%AF%D9%88%D9%84%D9%81%D9%8A%D9%86-%D8%A7%D9%84%D8%A3%D8%B9%D9%84%D9%89-%D8%B3%D8%B9%D8%B1%D8%A7-%D9%88-%D8%B9%D8%A7%D9%81%D9%8A%D8%A9-%D8%AA%D9%82%D8%AF%D9%85-4-%D8%A3%D9%86%D9%88%D8%A7%D8%B9-%D9%85%D8%AE%D8%AA%D9%84%D9%81%D8%A9-%D9%85%D9%86%D8%A7%D8%B3%D8%A8%D8%A9-%D9%84%D9%84%D9%85%D9%8A%D8%B2%D8%A7%D9%86%D9%8A%D8%A9-35962,"Egyptian brand; reaches Gaza via Rafah and Egyptian convoys. plain, diet and spicy versions come in the same size"
canned_tuna,Sunshine,"Sunshine tuna pieces, spicy 185 g",صن شاين تونة قطع حار 185 جم,185,g,can,Egypt,unknown,medium,https://www.foodtodayeg.com/Section-164/%D8%B3%D9%84%D8%A7%D8%B3%D9%84-%D8%AA%D8%AC%D8%A7%D8%B1%D9%8A%D8%A9/%D8%AA%D8%B0%D8%A8%D8%B0%D8%A8-%D8%A3%D8%B3%D8%B9%D8%A7%D8%B1-%D8%A7%D9%84%D8%AA%D9%88%D9%86%D8%A9-%D9%81%D9%8A-%D8%A7%D9%84%D8%A3%D8%B3%D9%88%D8%A7%D9%82-%D8%A7%D9%84%D9%85%D8%B5%D8%B1%D9%8A%D8%A9-%D8%AF%D9%88%D9%84%D9%81%D9%8A%D9%86-%D8%A7%D9%84%D8%A3%D8%B9%D9%84%D9%89-%D8%B3%D8%B9%D8%B1%D8%A7-%D9%88-%D8%B9%D8%A7%D9%81%D9%8A%D8%A9-%D8%AA%D9%82%D8%AF%D9%85-4-%D8%A3%D9%86%D9%88%D8%A7%D8%B9-%D9%85%D8%AE%D8%AA%D9%84%D9%81%D8%A9-%D9%85%D9%86%D8%A7%D8%B3%D8%A8%D8%A9-%D9%84%D9%84%D9%85%D9%8A%D8%B2%D8%A7%D9%86%D9%8A%D8%A9-35962,Egyptian brand; reaches Gaza via Rafah and Egyptian convoys. 
canned_tuna,Sunshine,Sunshine shredded tuna 185 g,صن شاين تونة مفتتة 185 جم,185,g,can,Egypt,unknown,medium,https://www.foodtodayeg.com/Section-164/%D8%B3%D9%84%D8%A7%D8%B3%D9%84-%D8%AA%D8%AC%D8%A7%D8%B1%D9%8A%D8%A9/%D8%AA%D8%B0%D8%A8%D8%B0%D8%A8-%D8%A3%D8%B3%D8%B9%D8%A7%D8%B1-%D8%A7%D9%84%D8%AA%D9%88%D9%86%D8%A9-%D9%81%D9%8A-%D8%A7%D9%84%D8%A3%D8%B3%D9%88%D8%A7%D9%82-%D8%A7%D9%84%D9%85%D8%B5%D8%B1%D9%8A%D8%A9-%D8%AF%D9%88%D9%84%D9%81%D9%8A%D9%86-%D8%A7%D9%84%D8%A3%D8%B9%D9%84%D9%89-%D8%B3%D8%B9%D8%B1%D8%A7-%D9%88-%D8%B9%D8%A7%D9%81%D9%8A%D8%A9-%D8%AA%D9%82%D8%AF%D9%85-4-%D8%A3%D9%86%D9%88%D8%A7%D8%B9-%D9%85%D8%AE%D8%AA%D9%84%D9%81%D8%A9-%D9%85%D9%86%D8%A7%D8%B3%D8%A8%D8%A9-%D9%84%D9%84%D9%85%D9%8A%D8%B2%D8%A7%D9%86%D9%8A%D8%A9-35962,Egyptian brand; reaches Gaza via Rafah and Egyptian convoys. also sold by the 48-can carton wholesale
canned_tuna,Sunshine,"Sunshine shredded tuna, spicy 185 g",صن شاين تونة مفتتة حار 185 جم,185,g,can,Egypt,unknown,medium,https://www.foodtodayeg.com/Section-164/%D8%B3%D9%84%D8%A7%D8%B3%D9%84-%D8%AA%D8%AC%D8%A7%D8%B1%D9%8A%D8%A9/%D8%AA%D8%B0%D8%A8%D8%B0%D8%A8-%D8%A3%D8%B3%D8%B9%D8%A7%D8%B1-%D8%A7%D9%84%D8%AA%D9%88%D9%86%D8%A9-%D9%81%D9%8A-%D8%A7%D9%84%D8%A3%D8%B3%D9%88%D8%A7%D9%82-%D8%A7%D9%84%D9%85%D8%B5%D8%B1%D9%8A%D8%A9-%D8%AF%D9%88%D9%84%D9%81%D9%8A%D9%86-%D8%A7%D9%84%D8%A3%D8%B9%D9%84%D9%89-%D8%B3%D8%B9%D8%B1%D8%A7-%D9%88-%D8%B9%D8%A7%D9%81%D9%8A%D8%A9-%D8%AA%D9%82%D8%AF%D9%85-4-%D8%A3%D9%86%D9%88%D8%A7%D8%B9-%D9%85%D8%AE%D8%AA%D9%84%D9%81%D8%A9-%D9%85%D9%86%D8%A7%D8%B3%D8%A8%D8%A9-%D9%84%D9%84%D9%85%D9%8A%D8%B2%D8%A7%D9%86%D9%8A%D8%A9-35962,Egyptian brand; reaches Gaza via Rafah and Egyptian convoys. 
canned_tuna,Sunshine,Sunshine shredded tuna 95 g,صن شاين تونة مفتتة 95 جم,95,g,can,Egypt,unknown,medium,https://www.foodtodayeg.com/Section-164/%D8%B3%D9%84%D8%A7%D8%B3%D9%84-%D8%AA%D8%AC%D8%A7%D8%B1%D9%8A%D8%A9/%D8%AA%D8%B0%D8%A8%D8%B0%D8%A8-%D8%A3%D8%B3%D8%B9%D8%A7%D8%B1-%D8%A7%D9%84%D8%AA%D9%88%D9%86%D8%A9-%D9%81%D9%8A-%D8%A7%D9%84%D8%A3%D8%B3%D9%88%D8%A7%D9%82-%D8%A7%D9%84%D9%85%D8%B5%D8%B1%D9%8A%D8%A9-%D8%AF%D9%88%D9%84%D9%81%D9%8A%D9%86-%D8%A7%D9%84%D8%A3%D8%B9%D9%84%D9%89-%D8%B3%D8%B9%D8%B1%D8%A7-%D9%88-%D8%B9%D8%A7%D9%81%D9%8A%D8%A9-%D8%AA%D9%82%D8%AF%D9%85-4-%D8%A3%D9%86%D9%88%D8%A7%D8%B9-%D9%85%D8%AE%D8%AA%D9%84%D9%81%D8%A9-%D9%85%D9%86%D8%A7%D8%B3%D8%A8%D8%A9-%D9%84%D9%84%D9%85%D9%8A%D8%B2%D8%A7%D9%86%D9%8A%D8%A9-35962,Egyptian brand; reaches Gaza via Rafah and Egyptian convoys. 
canned_tuna,Sunshine,Sunshine tuna pieces 170 g,صن شاين تونة قطع 170 جم,170,g,can,Egypt,unknown,medium,https://www.foodtodayeg.com/Section-164/%D8%B3%D9%84%D8%A7%D8%B3%D9%84-%D8%AA%D8%AC%D8%A7%D8%B1%D9%8A%D8%A9/%D8%AA%D8%B0%D8%A8%D8%B0%D8%A8-%D8%A3%D8%B3%D8%B9%D8%A7%D8%B1-%D8%A7%D9%84%D8%AA%D9%88%D9%86%D8%A9-%D9%81%D9%8A-%D8%A7%D9%84%D8%A3%D8%B3%D9%88%D8%A7%D9%82-%D8%A7%D9%84%D9%85%D8%B5%D8%B1%D9%8A%D8%A9-%D8%AF%D9%88%D9%84%D9%81%D9%8A%D9%86-%D8%A7%D9%84%D8%A3%D8%B9%D9%84%D9%89-%D8%B3%D8%B9%D8%B1%D8%A7-%D9%88-%D8%B9%D8%A7%D9%81%D9%8A%D8%A9-%D8%AA%D9%82%D8%AF%D9%85-4-%D8%A3%D9%86%D9%88%D8%A7%D8%B9-%D9%85%D8%AE%D8%AA%D9%84%D9%81%D8%A9-%D9%85%D9%86%D8%A7%D8%B3%D8%A8%D8%A9-%D9%84%D9%84%D9%85%D9%8A%D8%B2%D8%A7%D9%86%D9%8A%D8%A9-35962,Egyptian brand; reaches Gaza via Rafah and Egyptian convoys. 
canned_tuna,Sunshine,"Sunshine tuna slices, plain 120 g",صن شاين تونة شرائح سادة 120 جم,120,g,can,Egypt,unknown,medium,https://www.foodtodayeg.com/Section-164/%D8%B3%D9%84%D8%A7%D8%B3%D9%84-%D8%AA%D8%AC%D8%A7%D8%B1%D9%8A%D8%A9/%D8%AA%D8%B0%D8%A8%D8%B0%D8%A8-%D8%A3%D8%B3%D8%B9%D8%A7%D8%B1-%D8%A7%D9%84%D8%AA%D9%88%D9%86%D8%A9-%D9%81%D9%8A-%D8%A7%D9%84%D8%A3%D8%B3%D9%88%D8%A7%D9%82-%D8%A7%D9%84%D9%85%D8%B5%D8%B1%D9%8A%D8%A9-%D8%AF%D9%88%D9%84%D9%81%D9%8A%D9%86-%D8%A7%D9%84%D8%A3%D8%B9%D9%84%D9%89-%D8%B3%D8%B9%D8%B1%D8%A7-%D9%88-%D8%B9%D8%A7%D9%81%D9%8A%D8%A9-%D8%AA%D9%82%D8%AF%D9%85-4-%D8%A3%D9%86%D9%88%D8%A7%D8%B9-%D9%85%D8%AE%D8%AA%D9%84%D9%81%D8%A9-%D9%85%D9%86%D8%A7%D8%B3%D8%A8%D8%A9-%D9%84%D9%84%D9%85%D9%8A%D8%B2%D8%A7%D9%86%D9%8A%D8%A9-35962,Egyptian brand; reaches Gaza via Rafah and Egyptian convoys. 
canned_sardines,Sunshine,"Sunshine sardines, hot 125 g",صن شاين سردين حار 125 جم,125,g,can,Egypt,unknown,medium,https://www.carrefouregypt.com/mafegy/ar/sardine/sunshine-hot-sardine-125g/p/258933,Egyptian brand; reaches Gaza via Rafah and Egyptian convoys. 
canned_sardines,Dolphin,"Dolphin sardines, easy-open 125 g",دولفين سردين سهل الفتح 125 جم,125,g,can,Egypt,unknown,medium,https://fattuta.com/eg/product/%D8%AF%D9%88%D9%84%D9%81%D9%8A%D9%86-%D8%B9%D9%84%D8%A8%D8%A9-%D8%B3%D8%B1%D8%AF%D9%8A%D9%86-%D8%B3%D9%87%D9%84%D8%A9-%D8%A7%D9%84%D9%81%D8%AA%D8%AD-125-%D8%AC%D8%B1%D8%A7%D9%85/?pid=2000009,Egyptian brand; reaches Gaza via Rafah and Egyptian convoys. 
canned_sardines,Toledo,Toledo sardines in vegetable oil 125 g,توليدو سردين بالزيت النباتي 125 جم,125,g,can,Egypt,unknown,medium,https://www.kanbkam.com/eg/ar/tolido-sardine-in-vegetable-oil-125-grams-B08YY3MMFW,Egyptian brand; reaches Gaza via Rafah and Egyptian convoys. 
canned_fava,Americana,Americana plain ful medames 400 g,امريكانا فول مدمس سادة 400 جم,400,g,can,Egypt,unknown,medium,https://www.carrefouregypt.com/mafegy/ar/foul-medamas-broad-beans/americana-plain-fava-beans-400g/p/450598,Egyptian brand; reaches Gaza via Rafah and Egyptian convoys. 
canned_fava,California Garden,California Garden plain ful medames 400 g,كاليفورنيا جاردن فول مدمس سادة 400 جم,400,g,can,UAE,unknown,medium,https://www.kanbkam.com/eg/ar/california-garden-plain-medames-beans-400gm-B0846JR2XD,Widely sold in Egypt and the Gulf. 
canned_fava,California Garden,California Garden ful medames with hot pepper 400 g,كاليفورنيا جاردن فول مدمس بالفلفل الحار 400 جم,400,g,can,UAE,unknown,medium,https://www.amazon.eg/%D9%81%D9%88%D9%84-%D9%85%D8%AF%D9%85%D8%B3-%D9%81%D9%84%D9%81%D9%84-%D9%83%D8%A7%D9%84%D9%8A%D9%81%D9%88%D8%B1%D9%86%D9%8A%D8%A7-%D8%AC%D8%A7%D8%B1%D8%AF%D9%86/dp/B08WJNHSYV,Widely sold in Egypt and the Gulf. 
canned_fava,California Garden,California Garden premium plain ful medames 450 g,كاليفورنيا جاردن فول مدمس سادة فاخر 450 غرام,450,g,can,UAE,unknown,medium,https://www.carrefouruae.com/mafuae/ar/foul-medamas-broad-beans/california-g-foul-medamas-450g/p/10648,Widely sold in Egypt and the Gulf. UAE listing
canned_fava,California Garden,California Garden peeled ful with chilli 450 g,حدائق كاليفورنيا فول مدمس مقشور مع الفلفل الحار 450 جرام,450,g,can,UAE,unknown,medium,https://www.talabat.com/ar/uae/talabat-mart/product/california-garden-peeled-fava-beans-with-chili-450-g/s/900463,Widely sold in Egypt and the Gulf. UAE listing
canned_fava,California Garden,California Garden ful with tahina 400 g,حدائق كاليفورنيا فول بالطحينة 400 جم,400,g,can,UAE,unknown,medium,https://alhabeebmarket.com/california-garden-fava-beans-with-tahina---400-gram,Widely sold in Egypt and the Gulf. 
canned_beans_tomato,California Garden,California Garden baked beans in tomato sauce 420 g,حدائق كاليفورنيا فاصوليا مطبوخة بصلصة الطماطم 420 جم,420,g,can,UAE,unknown,medium,https://www.luluhypermarket.com/ar-qa/-420/p/1258,Widely sold in Egypt and the Gulf. 
canned_beans_tomato,California Garden,California Garden baked beans in tomato sauce 220 g,كاليفورنيا جاردن فاصوليا مطبوخة بصلصة الطماطم 220 غرام,220,g,can,UAE,unknown,medium,https://www.carrefouruae.com/mafuae/ar/baked-beans/california-gbaked-beans-220gr/p/10587,Widely sold in Egypt and the Gulf. 
canned_fava,Kaha,Kaha ful medames 400 g,فول مدمس قها 400 جم,400,g,can,Egypt,unknown,medium,https://www.jumia.com.eg/ar/generic-kaha-foul-medammas-400gm-2-pcs-133346272.html,Egyptian brand; reaches Gaza via Rafah and Egyptian convoys. 
canned_fava,Harvest,Harvest plain ful medames 400 g,هارفست فول مدمس سادة 400 جم,400,g,can,Egypt,unknown,medium,https://www.amazon.eg/%D9%81%D9%88%D9%84-%D9%85%D8%AF%D9%85%D8%B3-%D8%B3%D8%A7%D8%AF%D8%A9-%D9%85%D9%86-%D9%87%D8%A7%D8%B1%D9%81%D8%B3%D8%AA/dp/B08WJNNBWH,Egyptian brand; reaches Gaza via Rafah and Egyptian convoys. 
canned_fava,Harvest,"Harvest peeled ful, Egyptian mix 400 g",هارفست فول مدمس مقشور بالخلطة المصرية 400 جم,400,g,can,Egypt,unknown,medium,https://www.carrefouregypt.com/mafegy/ar/foul-medamas-broad-beans/harvest-foul-egyptian-mix-400g/p/345521,Egyptian brand; reaches Gaza via Rafah and Egyptian convoys. 
canned_fava,Harvest,Harvest peeled ful in sauce 400 g,هارفست فول مقشور بالصلصة 400 جم,400,g,can,Egypt,unknown,medium,https://www.metro-markets.com/ar/product/Harvest-Foods-Foul-Souh-400g/3567,Egyptian brand; reaches Gaza via Rafah and Egyptian convoys. 
canned_fava,Harvest,Harvest plain ful 300 g,هارفست فول سادة 300 جم,300,g,can,Egypt,unknown,medium,https://www.cairo24.com/1952714,Egyptian brand; reaches Gaza via Rafah and Egyptian convoys. price list sold by the 12-can carton
canned_beans_tomato,Harvest,Harvest beans in sauce 400 g,هارفست فاصوليا بالصلصة 400 جم,400,g,can,Egypt,unknown,medium,https://www.cairo24.com/1952714,Egyptian brand; reaches Gaza via Rafah and Egyptian convoys. price list sold by the 12-can carton
canned_hummus_tahini,Harvest,Harvest hummus with tahina 400 g,هارفست فودز حمص بالطحينة 400 جم,400,g,can,Egypt,unknown,medium,https://www.talabat.com/ar/egypt/talabat-mart/product/harvest-foods-hummus-tahina-dip-400g/s/928526,Egyptian brand; reaches Gaza via Rafah and Egyptian convoys. 
tomato_paste,Harvest,Harvest tomato paste can 280 g,هارفست صلصة علبة 280 جم,280,g,can,Egypt,unknown,medium,https://www.cairo24.com/1952714,Egyptian brand; reaches Gaza via Rafah and Egyptian convoys. 
tomato_paste,Harvest,Harvest tomato paste can 375 g,هارفست صلصة علبة 375 جم,375,g,can,Egypt,unknown,medium,https://www.cairo24.com/1952714,Egyptian brand; reaches Gaza via Rafah and Egyptian convoys. 
tomato_paste,Harvest,Harvest tomato paste can 800 g,هارفست صلصة علبة 800 جم,800,g,can,Egypt,unknown,medium,https://www.cairo24.com/1952714,Egyptian brand; reaches Gaza via Rafah and Egyptian convoys. 
tomato_paste,Harvest,Harvest tomato paste jar 320 g,هارفست صلصة برطمان 320 جم,320,g,jar,Egypt,unknown,medium,https://www.cairo24.com/1952714,Egyptian brand; reaches Gaza via Rafah and Egyptian convoys. 
tomato_paste,Harvest,Harvest tomato paste sachet 35 g,هارفست صلصة كيس 35 جم,35,g,sachet,Egypt,unknown,medium,https://www.cairo24.com/1952714,Egyptian brand; reaches Gaza via Rafah and Egyptian convoys. small sachet; useful for cooking one meal at a time without a fridge
canned_fava,Haneya,Haneya plain ful medames 400 g,هنية فول مدمس سادة 400 جم,400,g,can,Egypt,unknown,medium,https://www.carrefouregypt.com/mafegy/ar/foul-medamas-broad-beans/haneya-fava-beans-original-400g/p/489337,Egyptian brand; reaches Gaza via Rafah and Egyptian convoys. 
canned_corned_beef,Americana,Americana Beefy canned beef 340 g,امريكانا بيفي لحم بقري معلب 340 جم,340,g,can,Egypt,unknown,medium,https://www.amazon.eg/-/en/Americana-Beefy-Canned-Beef-340/dp/B0994R8X6J,Egyptian brand; reaches Gaza via Rafah and Egyptian convoys. 
canned_corned_beef,Americana,Americana Beefy canned beef 200 g,امريكانا بيفي لحم بقري معلب 200 جم,200,g,can,Egypt,unknown,medium,https://www.amazon.eg/%D8%A8%D9%82%D8%B1%D9%8A-%D9%85%D8%B9%D9%84%D8%A8-%D8%A7%D8%B5%D9%84%D9%8A-%D8%A8%D9%8A%D9%81%D9%8A-%D8%A7%D9%85%D8%B1%D9%8A%D9%83%D8%A7%D9%86%D8%A7/dp/B09CDBPJ2B,Egyptian brand; reaches Gaza via Rafah and Egyptian convoys. 
canned_luncheon_chicken,Americana,Americana Beefy chicken luncheon 200 g,امريكانا بيفي لانشون دجاج 200 جم,200,g,can,Egypt,unknown,low,https://www.amazon.eg/%D9%84%D8%A7%D9%86%D8%B4%D9%88%D9%86-%D8%AF%D8%AC%D8%A7%D8%AC-%D8%A8%D9%8A%D9%81%D9%8A-%D9%85%D9%86-%D8%A7%D9%85%D8%B1%D9%8A%D9%83%D8%A7%D9%86%D8%A7/dp/B0994PN22Z,Egyptian brand; reaches Gaza via Rafah and Egyptian convoys. ; Source page could not be re-checked in review
canned_mushrooms,Carnival,Carnival mushrooms 800 g,كرنفال مشروم 800 جم,800,g,can,Egypt,unknown,medium,https://commoditymarkts.com/%D8%A3%D8%B3%D8%B9%D8%A7%D8%B1-%D8%A7%D9%84%D8%B3%D9%84%D8%B9-%D8%A7%D9%84%D8%BA%D8%B0%D8%A7%D8%A6%D9%8A%D8%A9-2/,Egyptian brand; reaches Gaza via Rafah and Egyptian convoys. wholesale price list (24-can carton)
red_lentils_split,El Doha,El Doha yellow (split red) lentils 500 g,الضحى عدس اصفر 500 جم,500,g,bag,Egypt,unknown,medium,https://www.carrefouregypt.com/mafegy/ar/lentils/el-doha-yellow-lentil-500g/p/17986,Egyptian packer; reaches Gaza via Rafah and Egyptian convoys
fava_beans_split,El Doha,El Doha split fava beans 500 g,الضحى فول مدشوش 500 جرام,500,g,bag,Egypt,unknown,medium,https://fattuta.com/eg/product/%D9%81%D9%88%D9%84%20%D9%85%D8%AF%D8%B4%D9%88%D8%B4%20%D8%A7%D9%84%D8%B6%D8%AD%D9%89%20-%20500%D8%AC%D9%85/?pid=11789,Egyptian packer; reaches Gaza via Rafah and Egyptian convoys
fava_beans,El Doha,El Doha Egyptian fava beans 500 g,الضحى فول مصري 500 جرام,500,g,bag,Egypt,unknown,medium,https://www.kanbkam.com/eg/ar/al-doha-egyptian-beans-foul500-gm-B0858Z3RQ6,Egyptian packer; reaches Gaza via Rafah and Egyptian convoys
brown_lentils_whole,Heboba,Heboba brown lentils 500 g,حبوبة عدس بجبة 500 جم,500,g,bag,Egypt,unknown,medium,https://commoditymarkts.com/%D8%A3%D8%B3%D8%B9%D8%A7%D8%B1-%D8%A7%D9%84%D8%B3%D9%84%D8%B9-%D8%A7%D9%84%D8%BA%D8%B0%D8%A7%D8%A6%D9%8A%D8%A9-2/,Egyptian packer; reaches Gaza via Rafah and Egyptian convoys
red_lentils_split,Heboba,Heboba yellow (split red) lentils 500 g,حبوبة عدس أصفر 500 جم,500,g,bag,Egypt,unknown,medium,https://commoditymarkts.com/%D8%A3%D8%B3%D8%B9%D8%A7%D8%B1-%D8%A7%D9%84%D8%B3%D9%84%D8%B9-%D8%A7%D9%84%D8%BA%D8%B0%D8%A7%D8%A6%D9%8A%D8%A9-2/,Egyptian packer; reaches Gaza via Rafah and Egyptian convoys
canned_chickpeas,Al Kasih,Al Kasih whole chickpeas 390 g,الكسيح حمص حب 390غ,390,g,can,Jordan,unknown,medium,https://www.billjumla.com/products/kasih-chick-peas-390g-total-24-pieces,Also listed as 390 g on other retailer sites
canned_hummus_tahini,Al Kasih,Al Kasih hummus with tahini 400 g,الكسيح حمص بالطحينة 400غم,400,g,can,Jordan,unknown,low,https://rose.iq/en/product/kseeh-chickpeas-with-tahini-400g/,Source page could not be re-checked in review
canned_luncheon_chicken,Siniora,Siniora chicken luncheon 340 g,سنيورة لانشون دجاج 340غم,340,g,can,Jordan,unknown,medium,https://www.amazon.com/Siniora-Chicken-Luncheon-Delicious-Sandwiches/dp/B09JRHCZGB,Pull-top can
